Time (seconds),Pitch Angle (degrees)
1739180539.0077033,7.006951580816823e-17
1739180539.0428638,2.483196582077547e-15
1739180539.0545025,3.687701319534467e-15
1739180539.0785952,4.9575409995007776e-15
1739180539.0872123,7.009222894804386e-15
1739180539.107921,8.01426889553224e-15
1739180539.1348107,8.966302355933217e-15
1739180539.1524112,1.0809259481635985e-14
1739180539.1693559,1.173073804448737e-14
1739180539.1845477,1.2644719618425764e-14
1739180539.2004158,1.4161040385349561e-14
1739180539.2106566,1.4506729640890124e-14
1739180539.232289,1.462024794648697e-14
1739180539.2577744,1.3767882698752485e-14
1739180539.272137,1.2700944286970209e-14
1739180539.303434,1.1026688951967491e-14
1739180539.3338068,6.7128144693270664e-15
1739180539.3637826,3.710059988872439e-15
1739180539.3886795,6.711018247385249e-16
1739180539.4124916,-2.866585335767589e-15
1739180539.455577,-9.519727138950822e-15
1739180539.4850454,-1.2849491537268662e-14
1739180539.5144355,-1.6345834118893717e-14
1739180539.5641153,-2.1435845212205478e-14
1739180539.5903466,-2.3531490926037176e-14
1739180539.621187,-2.522352607297811e-14
1739180539.6523528,-2.6264401080542613e-14
1739180539.672988,-2.5629451229862527e-14
1739180539.7029183,-2.4251180131873164e-14
1739180539.7461076,-1.9171577498591797e-14
1739180539.7653584,-1.5494930384866964e-14
1739180539.7909505,-1.0682075353747795e-14
1739180539.8356504,-8.710471175905259e-16
1739180539.8538105,5.3430460495462344e-15
1739180539.8810072,-2.0360740737457057e-15
1739180539.8990676,-1.184551822550906e-14
1739180539.9457135,-3.056448733602353e-14
1739180539.9727907,-4.1197908072676955e-14
1739180539.9995646,-4.957104279538289e-14
1739180540.035013,-6.597381025600005e-14
1739180540.0611625,-7.129951724637294e-14
1739180540.0718405,-7.605777249021274e-14
1739180540.1163156,-7.848692072198048e-14
1739180540.1424072,-7.66586640998218e-14
1739180540.1688633,-7.255489508412894e-14
1739180540.2037885,-5.74659190182888e-14
1739180540.2353864,-4.653234517215996e-14
1739180540.248002,-3.3435082802837586e-14
1739180540.2931833,-8.52686046399685e-17
1739180540.318383,1.5988420693790674e-14
1739180540.3414838,3.458953121772366e-14
1739180540.3820028,7.334976624335242e-14
1739180540.4235654,9.101674977227679e-14
1739180540.4407992,1.0757180651941114e-13
1739180540.4693809,1.3478828999610915e-13
1739180540.4913597,1.427587103201552e-13
1739180540.5198476,1.4867319866255423e-13
1739180540.5684485,1.4617435773046007e-13
1739180540.591968,1.3629560017498676e-13
1739180540.621125,1.2010173493227344e-13
1739180540.6488154,1.0190166045707192e-13
1739180540.680406,7.966404803522901e-14
1739180540.7212877,2.508873550788938e-14
1739180540.7518475,-6.572233518051452e-15
1739180540.7890937,-4.0169801401612374e-14
1739180540.820013,-8.790735134288838e-14
1739180540.8504746,-1.544287552961895e-13
1739180540.8881073,-1.8567218665089525e-13
1739180540.9095144,-2.138292952020774e-13
1739180540.962031,-2.5487933865722703e-13
1739180540.9845877,-2.6795354580229645e-13
1739180541.0073574,-2.7302868870111573e-13
1739180541.0542164,-2.596575490457122e-13
1739180541.0638952,-2.4305147550621995e-13
1739180541.0890558,-2.1396287070176973e-13
1739180541.1303403,-1.3776140735652498e-13
1739180541.1555293,-8.380890801977705e-14
1739180541.1841311,-3.438822317785405e-14
1739180541.2133274,3.027211917599499e-14
1739180541.264532,1.5386215439931893e-13
1739180541.2767327,2.1683271410699387e-13
1739180541.304995,2.779873193399863e-13
1739180541.3612025,3.881719974959214e-13
1739180541.3945732,4.2650532193186225e-13
1739180541.4204452,4.637873061818388e-13
1739180541.4858928,4.946617086158348e-13
1739180541.5112174,4.882183327548309e-13
1739180541.5389602,4.705208777027083e-13
1739180541.575963,4.547059024963673e-13
1739180541.622507,5.539243226778988e-13
1739180541.6410608,5.750888967868035e-13
1739180541.6668167,5.854181904127409e-13
1739180541.7205985,5.565265065760964e-13
1739180541.745515,5.113908007896328e-13
1739180541.7728755,4.5239613327580436e-13
1739180541.7929394,3.68490567588757e-13
1739180541.8478467,1.8065141387480725e-13
1739180541.8715453,6.282626671894237e-14
1739180541.905183,-7.746638060471471e-14
1739180541.9342928,-3.7254303119856347e-13
1739180541.9641855,-5.230250229843961e-13
1739180541.9946609,-5.761505361346941e-13
1739180542.0428064,-4.386271429740208e-13
1739180542.0574439,-3.453876906172043e-13
1739180542.0881207,-2.366277916174797e-13
1739180542.1345472,1.7234250358659367e-14
1739180542.161733,1.5889060849334897e-13
1739180542.189006,3.1879926280720035e-13
1739180542.233138,6.03523655527381e-13
1739180542.249012,7.386306237031345e-13
1739180542.2756376,8.636892816252545e-13
1739180542.3055515,9.707834877885449e-13
1739180542.338311,1.1150177886425908e-12
1739180542.370531,1.1476041196720023e-12
1739180542.4166844,1.148557567320566e-12
1739180542.4634633,1.0372450417725733e-12
1739180542.4914446,9.434165601392995e-13
1739180542.5043623,8.068795153792051e-13
1739180542.5532115,3.98449265485885e-13
1739180542.579462,1.6842778356001256e-13
1739180542.5927403,-1.0907021895317427e-13
1739180542.6199348,-3.4594884119141394e-13
1739180542.6742144,-8.992432077833755e-13
1739180542.6973364,-1.1562420537955153e-12
1739180542.708753,-1.4273458957572606e-12
1739180542.7553072,-1.8427144775900686e-12
1739180542.7626278,-1.9976441322790673e-12
1739180542.7972112,-2.13567326766876e-12
1739180542.828238,-2.1677528996435106e-12
1739180542.8531392,-2.1357198950735494e-12
1739180542.891049,-1.860356420048205e-12
1739180542.9185114,-1.6029285462886897e-12
1739180542.9454691,-1.3038373713410131e-12
1739180542.984561,-5.924682930392851e-13
1739180543.0122104,-1.5061753826604241e-13
1739180543.0412571,3.781529728543378e-13
1739180543.0738025,5.582053630537812e-13
1739180543.1067038,2.3792815570098545e-13
1739180543.136475,2.978254524887124e-14
1739180543.1662421,-1.952653372048466e-13
1739180543.1928592,-4.0502339186707683e-13
1739180543.248712,-8.369445914342325e-13
1739180543.288933,-1.0517516966329446e-12
1739180543.3025358,-1.2322375007459228e-12
1739180543.347533,-1.5003073914132812e-12
1739180543.3760736,-1.6029355220982626e-12
1739180543.4050329,-1.5740757305997727e-12
1739180543.4365869,-9.472895075180568e-13
1739180543.4625955,-6.083193547709424e-13
1739180543.488169,-9.71416653708852e-14
1739180543.5017524,4.233947855690311e-13
1739180543.538383,1.3617030374550967e-12
1739180543.5620172,1.9069802819324935e-12
1739180543.586106,2.3908606291580634e-12
1739180543.6158636,2.734376841072212e-12
1739180543.644319,2.460030277533845e-12
1739180543.6801288,1.744236530363494e-12
1739180543.701863,7.821190411062242e-13
1739180543.7339616,-1.0528532775184707e-12
1739180543.7685373,-2.4034803425351764e-12
1739180543.7930784,-3.4590511202730414e-12
1739180543.823891,-4.5731061869178825e-12
1739180543.8732464,-6.2578276700931194e-12
1739180543.9009378,-7.059393639757708e-12
1739180543.9121573,-7.69969363967712e-12
1739180543.95224,-8.277259414493157e-12
1739180543.9910777,-8.26867832792865e-12
1739180544.0158453,-7.927764362479295e-12
1739180544.054559,-6.136301967077061e-12
1739180544.0744064,-4.709551619061421e-12
1739180544.0851524,-3.158598936590407e-12
1739180544.127756,5.363850341309051e-13
1739180544.1479383,2.5860501887300587e-12
1739180544.175092,4.934314801104913e-12
1739180544.205179,7.273655960522891e-12
1739180544.2302916,9.507487516246218e-12
1739180544.272128,1.3228177754258477e-11
1739180544.2931638,1.4662267463127246e-11
1739180544.308512,1.5777425264028832e-11
1739180544.356412,1.675006146923237e-11
1739180544.3850913,1.6365575754378866e-11
1739180544.392907,1.5633744395924725e-11
1739180544.429518,1.4201391004371446e-11
1739180544.4712152,9.589588279253296e-12
1739180544.503982,6.757792796148439e-12
1739180544.5320618,3.6868854633737496e-12
1739180544.5593767,1.513669267658194e-12
1739180544.6185648,-3.774129155172197e-12
1739180544.6409276,-6.085089443171828e-12
1739180544.6595466,-8.913169264873076e-12
1739180544.70084,-1.2325843045622498e-11
1739180544.7166991,-1.3970021779153646e-11
1739180544.7464297,-1.505212622238206e-11
1739180544.794596,-1.6311196681402552e-11
1739180544.8284638,-1.6302628300292453e-11
1739180544.8432975,-1.575501282917764e-11
1739180544.8675148,-1.4772000038444798e-11
1739180544.9046037,-1.1937126372465686e-11
1739180544.9232612,-9.608150094235772e-12
1739180544.9426985,-7.057916244813558e-12
1739180544.9971313,-1.0081737532806002e-12
1739180545.0249393,2.0802231013140677e-12
1739180545.0507565,5.613203335637367e-12
1739180545.09552,9.847586258347121e-12
1739180545.113108,1.148331900828003e-11
1739180545.140129,1.1064386017303712e-11
1739180545.171747,6.458017061908157e-12
1739180545.1972785,3.5016559480478702e-12
1739180545.23518,-4.076036321170364e-13
1739180545.279527,-7.420858546605735e-12
1739180545.307989,-1.0714075815504835e-11
1739180545.3198364,-1.4397881519757235e-11
1739180545.3585458,-2.135589342871121e-11
1739180545.380424,-2.4349961013181135e-11
1739180545.3993247,-2.6878459207828765e-11
1739180545.4593687,-2.991654965060289e-11
1739180545.47533,-3.033372739352022e-11
1739180545.503029,-2.94813225057582e-11
1739180545.5401628,-2.4305500961874785e-11
1739180545.5621479,-2.026361583753734e-11
1739180545.5879936,-1.5537576320555017e-11
1739180545.620804,-1.0491731634731497e-11
1739180545.6519113,-7.602844604707316e-12
1739180545.6780982,-5.020532224406616e-12
1739180545.717749,1.5121891604593805e-12
1739180545.742053,5.091680074713572e-12
1739180545.7722309,8.76695232503119e-12
1739180545.8272347,1.6187711671273315e-11
1739180545.850237,1.94829425083333e-11
1739180545.8788776,2.2507021535418318e-11
1739180545.9103096,2.6864072051276192e-11
1739180545.9469707,2.829619193545571e-11
1739180545.971548,2.9024649399769083e-11
1739180546.0188808,2.803890817286394e-11
1739180546.04687,2.582481352348903e-11
1739180546.060851,2.2707753051220856e-11
1739180546.0863771,1.9416403390796137e-11
1739180546.1211863,1.0026977594451985e-11
1739180546.1480312,4.345188189983801e-12
1739180546.1745331,-4.239839832778398e-13
1739180546.2254388,-5.296288811203504e-12
1739180546.2561398,-8.156855321167472e-12
1739180546.267581,-1.0488573030188974e-11
1739180546.3200994,-1.5134954235206268e-11
1739180546.34912,-1.7245643347787488e-11
1739180546.3716972,-1.8678269105814763e-11
1739180546.4297738,-2.0526527276425635e-11
1739180546.4586577,-2.0622054662114924e-11
1739180546.4859445,-2.0193108283109274e-11
1739180546.5345244,-1.7308568114280575e-11
1739180546.5533755,-1.5244956280669764e-11
1739180546.5827749,-1.2303048739810926e-11
1739180546.6285024,-1.184636558305957e-11
1739180546.6549733,-1.5839503183893702e-11
1739180546.6665473,-1.8954939728541465e-11
1739180546.7032757,-2.498186272775105e-11
1739180546.731316,-2.7132794705199265e-11
1739180546.7438922,-2.87704277100694e-11
1739180546.7827916,-2.9969590696954005e-11
1739180546.8108404,-2.935880568985716e-11
1739180546.8340688,-2.788906976239248e-11
1739180546.8765168,-2.2304817619512362e-11
1739180546.901748,-1.8216851652634014e-11
1739180546.9217184,-1.3314799218599395e-11
1739180546.971254,2.561126711688721e-13
1739180546.9937804,7.047492225390662e-12
1739180547.0021958,1.5708811497764815e-11
1739180547.0316808,2.293227858173146e-11
1739180547.0605063,2.993653183883621e-11
1739180547.0926697,4.228263487988681e-11
1739180547.1299915,4.826611927252372e-11
1739180547.1511655,5.2251705275007694e-11
1739180547.1978393,5.635869380366719e-11
1739180547.212744,5.61402847986226e-11
1739180547.2413275,5.453317883812778e-11
1739180547.2980466,4.610879357855075e-11
1739180547.3185747,3.785513664689454e-11
1739180547.3472643,2.918777488820456e-11
1739180547.3743384,1.8020491129110834e-11
1739180547.406574,-5.471085243291647e-12
1739180547.4453683,-1.837844602532265e-11
1739180547.4575849,-3.304933061298664e-11
1739180547.5123749,-5.745862911767802e-11
1739180547.5254219,-6.944876517541453e-11
1739180547.5512803,-8.045504218043392e-11
1739180547.5890265,-9.696264707012065e-11
1739180547.613414,-1.0202326693680038e-10
1739180547.6437297,-1.0452148584945792e-10
1739180547.692846,-1.002008374011995e-10
1739180547.7198434,-9.343496747228214e-11
1739180547.7431123,-8.24425750481658e-11
1739180547.7681496,-6.933029963398116e-11
1739180547.8221574,-3.3121673516537574e-11
1739180547.8390424,-1.2118072804743212e-11
1739180547.8662431,1.08269084918526e-11
1739180547.9246998,6.382584131525496e-11
1739180547.9473748,8.85019707329698e-11
1739180547.9658766,1.159940419669783e-10
1739180547.9837306,1.3450028828083277e-10
1739180548.0272856,1.0205757137137222e-10
1739180548.0647397,3.071785092839179e-11
1739180548.077644,-5.4183708432538787e-11
1739180548.1093667,-2.415500872331877e-10
1739180548.1380517,-3.3156326941209744e-10
1739180548.151924,-4.2673470592368633e-10
1739180548.1816497,-5.124078291230762e-10
1739180548.228681,-6.289961405161972e-10
1739180548.2410989,-6.714913928113104e-10
1739180548.2681096,-6.850998841400518e-10
1739180548.3134341,-5.915274534765456e-10
1739180548.3410478,-5.061892558103422e-10
1739180548.359868,-4.0781476497137975e-10
1739180548.4049428,-1.7552359727068713e-10
1739180548.417894,-3.181289324265284e-11
1739180548.4400616,1.2184214633943132e-10
1739180548.4932635,4.3914775134474823e-10
1739180548.5111878,5.988913607039289e-10
1739180548.5551257,7.5144206382492e-10
1739180548.5969656,1.0635840506271762e-09
1739180548.6205385,1.148044076030547e-09
1739180548.646724,1.2024141623604574e-09
1739180548.6605592,1.0769642790268797e-09
1739180548.7039905,5.6618184348744e-10
1739180548.8182309,2.576948034936603e-10
1739180548.8456807,-8.341454051691784e-11
1739180548.8784277,-8.618182589221402e-10
1739180548.9042828,-1.299111950775697e-09
1739180548.9154325,-1.8170130645159891e-09
1739180548.9280581,-2.8160760330025543e-09
1739180548.9441304,-3.3218488688030806e-09
1739180548.978293,-3.741457520885198e-09
1739180548.9910517,-4.09492286364027e-09
1739180549.0090551,-3.8494838093313846e-09
1739180549.0302863,-3.260778430329003e-09
1739180549.0661592,-1.2331393612950215e-09
1739180549.087933,8.544051129135529e-11
1739180549.0961294,1.3794153608169912e-09
1739180549.1223211,2.9619844161237423e-09
1739180549.1609068,4.39867651514299e-09
1739180549.2058952,7.063569371940589e-09
1739180549.2317696,8.130609147012145e-09
1739180549.2625256,8.828780545622709e-09
1739180549.3124015,6.9551441378582605e-09
1739180549.340663,4.608230637984913e-09
1739180549.3548353,2.2791511676536223e-09
1739180549.4037828,-2.7636953189945393e-09
1739180549.4331539,-5.462728512817425e-09
1739180549.461757,-7.881570328155049e-09
1739180549.5091205,-1.0328290331475815e-08
1739180549.5371823,-1.135796883490224e-08
1739180549.5679977,-1.2027980863040185e-08
1739180549.585253,-1.2402058572682373e-08
1739180549.6302958,-1.2066707566856773e-08
1739180549.6421223,-1.1281744844301627e-08
1739180549.6779544,-1.0185374724714163e-08
1739180549.7181952,-7.1365303398971134e-09
1739180549.7404761,-5.282803134245814e-09
1739180549.7712188,-4.149691996590842e-09
1739180549.8062394,-6.7614068255011444e-09
1739180549.8240917,-1.1234086194840138e-08
1739180549.8469229,-1.4498798036471948e-08
1739180549.8868933,-2.1256509872051933e-08
1739180549.9029653,-2.3682470600983122e-08
1739180549.9214532,-2.592891579087071e-08
1739180549.9532468,-2.8460808957667313e-08
1739180549.973782,-2.8658751258116246e-08
1739180549.9937074,-2.786104850374389e-08
1739180550.0341136,-2.410662731096935e-08
1739180550.0518687,-2.089855934017234e-08
1739180550.0701754,-1.6909913945080024e-08
1739180550.1080267,-6.92571629193887e-09
1739180550.1361623,-1.2882537324718202e-09
1739180550.1662033,9.063818679439622e-10
1739180550.1893601,-2.820676126154869e-09
1739180550.229705,-1.3674837545278443e-08
1739180550.2552722,-1.943234826871242e-08
1739180550.284494,-2.4668015707064324e-08
1739180550.3327796,-2.8813002210964317e-08
1739180550.351216,-2.99133104738121e-08
1739180550.3676953,-2.972313218207653e-08
1739180550.396318,-2.710956073676041e-08
1739180550.434174,-1.982261162051508e-08
1739180550.4556046,-1.4711776404652278e-08
1739180550.475129,-9.463171457968017e-09
1739180550.5098898,-2.70878967473357e-11
1739180550.5389857,4.376104941903653e-09
1739180550.565995,8.909753423349606e-09
1739180550.6161213,1.1928065559369162e-08
1739180550.6395729,1.2758780307684743e-08
1739180550.6589293,1.3331628845401918e-08
1739180550.7131877,1.3283073324320158e-08
1739180550.759057,1.2707031874538808e-08
1739180550.774676,1.1618915916880673e-08
1739180550.7872157,8.61064528313827e-09
1739180550.8110654,6.472727228808795e-09
1739180550.835687,4.0107419993682755e-09
1739180550.8829513,-1.5788029926884442e-09
1739180550.9032013,-4.961431926096565e-09
1739180550.931426,-7.823458596246753e-09
1739180550.9763305,-1.3978452936766754e-08
1739180550.0004117,-1.7096312061487763e-08
1739180551.0224957,-1.9579549392026898e-08
1739180551.0693443,-2.1985946451345925e-08
1739180551.1000922,-2.251861438625151e-08
1739180551.127859,-2.2369049624548424e-08
1739180551.1655848,-1.989880098491429e-08
1739180551.1890216,-1.7684837502258777e-08
1739180551.2007563,-1.4491187032777287e-08
1739180551.2475958,-7.368303425519674e-09
1739180551.274722,-2.4096548458951925e-09
1739180551.2934148,2.317529965188744e-09
1739180551.319251,6.237570787382093e-09
1739180551.3749075,1.3492242178174613e-08
1739180551.3862274,1.6468036481691537e-08
1739180551.406498,1.9346800513098238e-08
1739180551.4396024,2.0096021467724354e-08
1739180551.4671319,1.95561056863049e-08
1739180551.4960086,1.8595504270912702e-08
1739180551.5421731,1.4739859088974885e-08
1739180551.5598779,1.1636995191316406e-08
1739180551.5869243,8.600960080188895e-09
1739180551.6197898,5.876650855449726e-09
1739180551.6601286,1.0802095852491172e-08
1739180551.6921518,1.5998823162775215e-08
1739180551.7150998,2.4391347872446068e-08
1739180551.7351115,2.874112187439821e-08
1739180551.7656915,3.2511723789056594e-08
1739180551.7909372,3.5003870525806196e-08
1739180551.8178601,3.803593900528238e-08
1739180551.84436,3.801805715548415e-08
1739180551.8680491,3.5804164213583844e-08
1739180551.9179854,2.5693045594797248e-08
1739180551.9444492,1.873420315120732e-08
1739180551.9681714,9.968569004807982e-09
1739180552.0081558,-7.139721420769158e-09
1739180552.0357928,-1.694804545089941e-08
1739180552.063091,-2.7031545243493005e-08
1739180552.1088293,-4.712266043510193e-08
1739180552.1261601,-5.670010252927418e-08
1739180552.150411,-6.383049335759977e-08
1739180552.1900403,-7.563745734432165e-08
1739180552.221551,-7.95696250391833e-08
1739180552.2474978,-8.025249026921077e-08
1739180552.27545,-7.80468797957838e-08
1739180552.3085418,-6.75562847878338e-08
1739180552.336161,-5.858930197308057e-08
1739180552.3652008,-5.0083843256598004e-08
1739180552.4240255,-1.0429600951299002e-07
1739180552.4297814,-1.7570661070371557e-07
1739180552.4565377,-2.8068630816892744e-07
1739180552.4834924,-3.5060348215371674e-07
1739180552.5161352,-4.921934789427167e-07
1739180552.5274742,-5.521211085952018e-07
1739180552.5509572,-6.04811820324109e-07
1739180552.5920603,-6.515506455385522e-07
1739180552.6135175,-6.517608550556324e-07
1739180552.6322129,-6.308230509597416e-07
1739180552.6808226,-5.395113129278101e-07
1739180552.696176,-4.6344843284170793e-07
1739180552.7241833,-3.691388652274618e-07
1739180552.758963,-1.3508800886796173e-07
1739180552.7854812,1.6958256196238996e-08
1739180552.8004594,1.8247345565821231e-07
1739180552.850526,4.770389590698281e-07
1739180552.864085,6.306737152324493e-07
1739180552.8982341,7.907825396426863e-07
1739180552.9446,1.021824605447512e-06
1739180552.9694164,1.1150106969573433e-06
1739180552.9965034,1.17470968478224e-06
1739180553.0310721,1.1135103726162586e-06
1739180553.1506758,1.0312127202129942e-06
1739180553.1741252,9.005857250182757e-07
1739180553.215017,5.752866543841042e-07
1739180553.224814,3.5336699943323767e-07
1739180553.2440536,4.0900173313414745e-08
1739180553.2636242,-2.1820945919632955e-07
1739180553.2713997,-8.642855681752374e-07
1739180553.2838643,-1.173675388302868e-06
1739180553.296006,-1.4209346737946875e-06
1739180553.3083692,-1.8266219557603977e-06
1739180553.3202446,-2.013323993658591e-06
1739180553.3378513,-2.134689082567849e-06
1739180553.383918,-2.2106368856196134e-06
1739180553.401926,-2.162836757041127e-06
1739180553.4365966,-2.0414035083286705e-06
1739180553.4741151,-1.5804646184138348e-06
1739180553.497592,-1.3217360482583032e-06
1739180553.5345116,-1.0752868721995187e-06
1739180553.5862353,-9.76499227163651e-07
1739180553.6066947,-1.098200962395547e-06
1739180553.6214728,-1.2722910923112331e-06
1739180553.6510572,-1.5790137932896383e-06
1739180553.6836247,-1.6670218089124919e-06
1739180553.690283,-1.7294009902399207e-06
1739180553.7327392,-1.5857048433041717e-06
1739180553.7579806,-1.3815302439400778e-06
1739180553.7809863,-1.0270000202274581e-06
1739180553.8218944,-1.979435446587213e-07
1739180553.8789032,2.33178194216613e-07
1739180553.9301748,3.511805945365285e-07
1739180553.9963982,-1.1158180808458032e-07
1739180554.021111,-6.141647995093082e-07
1739180554.0312166,-1.1094221267391586e-06
1739180554.0611184,-1.5341415488527341e-06
1739180554.1059494,-2.938953114362585e-07
1739180554.1324227,1.4573965435706218e-06
1739180554.156061,3.1438215153519596e-06
1739180554.1920035,3.86367689391091e-06
1739180554.2279112,2.3395005639591164e-06
1739180554.251572,-3.6239301441897503e-07
1739180554.2973201,-6.853110951998661e-06
1739180554.3206587,-8.169947894804174e-06
1739180554.3426518,-7.269639035050314e-06
1739180554.3738825,5.953243569214985e-07
1739180554.4005997,6.424349041832466e-06
1739180554.4217303,1.1088291120525144e-05
1739180554.458901,6.85178689375956e-06
1739180554.4893112,-3.021246873970263e-06
1739180554.516981,-1.443962544413772e-05
1739180554.5643637,-2.5658639085892575e-05
1739180554.594306,-1.933154410431199e-05
1739180554.6190143,-5.368591588170938e-06
1739180554.6319609,1.557246800860712e-05
1739180554.6942873,3.143129249584434e-05
1739180554.7253613,1.6852577506955157e-05
1739180554.7442226,-2.5099318362436455e-05
1739180554.763278,-8.218211976022873e-05
1739180554.812034,-8.900902751674347e-05
1739180554.8382924,-1.0594965799069106e-05
1739180554.8683376,8.736273747480862e-05
1739180554.9132926,0.0002481599993252275
1739180554.942586,0.00024070873729048917
1739180554.9719696,0.00016913316816715606
1739180555.016056,-0.00012218320996332
1739180555.0392947,-0.00028387186107142076
1739180555.070558,-0.0003475792772031503
1739180555.0997708,-7.686968840646337e-05
1739180555.1283214,0.00023781041537907538
1739180555.1406543,0.000550584571442538
1739180555.1905012,0.000761106325139196
1739180555.2134464,0.0004052878725212681
1739180555.2340977,-0.0002581383600853148
1739180555.2588992,-0.0009676717684656897
1739180555.2981966,-0.000996290841880831
1739180555.332111,-6.940332107053783e-06
1739180555.3488755,0.0012132123318079576
1739180555.3930326,0.003869974252854462
1739180555.4235969,0.004507359999994678
1739180555.4434373,0.003783187667008428
1739180555.469599,-0.0007350702633938122
1739180555.4920688,-0.0036862986595971904
1739180555.5098875,-0.004776981382817714
1739180555.571029,0.0015278553545931223
1739180555.5955245,0.008321179598195283
1739180555.611442,0.015967728902796536
1739180555.6490712,0.02542467687537772
1739180555.6752095,0.021580169513947204
1739180555.702312,0.00611500986517029
1739180555.7265925,-0.009516399076727395
1739180555.794693,-0.017980891163935683
1739180555.8102374,-0.0036511929497127374
1739180555.8385909,0.026603867042333862
1739180555.8881109,0.060082810139181715
1739180555.9107437,0.0521462850348783
1739180555.9380555,0.02012499938114323
1739180555.9684153,-0.06333245002500193
1739180556.0039992,-0.1008824457928026
1739180556.014247,-0.1127644231746628
1739180556.0648715,-0.21324705729760754
1739180556.0918126,-0.49754790107205443
1739180556.1023033,-0.9537347553100339
1739180556.1297243,-1.7280340265385712
1739180556.1865163,-3.0476271681185407
1739180556.208732,-3.50903448657101
1739180556.230892,-3.930441810432419
1739180556.269702,-5.032757989596161
1739180556.2910833,-5.631164135148392
1739180556.314624,-6.409334770665039
1739180556.356068,-7.518474096509059
1739180556.4749568,-7.898050879106158
1739180556.4832087,-8.109552984321072
1739180556.507007,-8.016571655464826
1739180556.513464,-7.712041425684333
1739180556.533343,-7.2355135545202725
1739180556.5468853,-5.868583848046601
1739180556.5707247,-5.338615146614408
1739180556.594284,-4.74545344465747
1739180556.6054418,-4.2872874179818465
1739180556.6326768,-4.199379765480645
1739180556.6620932,-4.433250809914802
1739180556.6858644,-4.828453828522983
1739180556.7290633,-6.139079378150036
1739180556.752111,-7.256978642100502
1739180556.7788594,-8.153395788125197
1739180556.8022146,-8.994622595507753
1739180556.850937,-10.202113081429738
1739180556.8734624,-10.510049694274116
1739180556.9002516,-10.64926757359259
1739180556.9483917,-10.73092475825034
1739180556.9745998,-10.848068073446395
1739180556.9848762,-11.132620420543562
1739180557.0324302,-12.217401536823669
1739180557.050052,-13.034708715463097
1739180557.0774457,-13.576302942333026
1739180557.1086767,-14.278630529601424
1739180557.1414404,-14.36972961809843
1739180557.1652272,-14.271641613226429
1739180557.1965663,-13.904105782760215
1739180557.225769,-13.898165778337141
1739180557.255393,-14.070338343297376
1739180557.268192,-14.458207913701324
1739180557.3229637,-15.515948848602116
1739180557.3442874,-16.16175324891343
1739180557.3724115,-16.554771032600573
1739180557.4224014,-16.92747876283236
1739180557.4344919,-16.854396195484394
1739180557.4639084,-16.623332756475126
1739180557.5139794,-16.275026665643853
1739180557.5347521,-16.337637872809033
1739180557.5645487,-16.57519655810923
1739180557.6025884,-17.40622541902851
1739180557.62502,-17.92161736909167
1739180557.6653733,-18.53623286255513
1739180557.68074,-18.796511248185496
1739180557.7082207,-18.73668892728744
1739180557.7371364,-18.485223586771376
1739180557.7667637,-18.112819965664038
1739180557.8062904,-17.685625828842234
1739180557.8275583,-17.741172474913537
1739180557.8537452,-17.968400380478972
1739180557.867187,-18.43506229085957
1739180557.915939,-19.13371822834522
1739180557.9443,-19.31542933316293
1739180557.9716065,-19.31076250212983
1739180558.0204134,-18.908412931102276
1739180558.0451741,-18.49681076841171
1739180558.057361,-17.948022094651865
1739180558.0948336,-16.33379314347915
1739180558.1233933,-15.392472309724022
1739180558.1500564,-14.619547902831457
1739180558.1857395,-13.588185384901314
1739180558.2130196,-13.294367715618723
1739180558.2428315,-13.167081445584452
1739180558.2649214,-13.109100298726041
1739180558.3104613,-12.551918026589021
1739180558.3252497,-12.00896948229444
1739180558.3570914,-11.295696837406373
1739180558.416582,-9.753210846615795
1739180558.4363432,-9.247922855591694
1739180558.4660902,-8.865614890017833
1739180558.4995303,-8.614233423142458
1739180558.5471232,-8.694086402574595
1739180558.5633307,-8.718753730990581
1739180558.592867,-8.628489830327347
1739180558.62319,-7.881617870436565
1739180558.6561582,-7.186837268038002
1739180558.6745832,-6.5597682592963915
1739180558.7137635,-5.657113033484808
1739180558.726385,-5.463509564226741
1739180558.7503192,-5.448742603824769
1739180558.8001814,-5.913284197595
1739180558.814313,-6.231089230120565
1739180558.8604634,-6.462302112416529
1739180558.8932574,-6.3328347113681485
1739180558.9198005,-6.043593565013269
1739180558.9327102,-5.570731347140334
1739180558.962695,-4.448616226133501
1739180558.9912097,-3.8735943684247465
1739180559.0177195,-3.576535472375118
1739180559.0424144,-3.451481341983896
1739180559.063289,-3.7258066497438875
1739180559.0926805,-3.9939881115964346
1739180559.1067822,-4.277167869329443
1739180559.1363044,-4.275681548283884
1739180559.1651807,-4.016307597433925
1739180559.187394,-3.5382472652304156
1739180559.246232,-2.603855509522302
1739180559.2612855,-2.227016709838631
1739180559.291765,-2.0041567614036717
1739180559.3230143,-1.953171375404997
1739180559.3631697,-2.2813776880532686
1739180559.3926272,-2.56128624158024
1739180559.4054408,-2.7902209943437226
1739180559.4535785,-2.7128958315867115
1739180559.4829528,-2.4534220896860597
1739180559.5081575,-2.0196613895639715
1739180559.5441926,-1.1975257356941336
1739180559.5703442,-0.9901608412276276
1739180559.5888202,-0.9230078016037242
1739180559.6107168,-1.1561959120692
1739180559.617276,-1.4390375965673807
1739180559.6726506,-2.1442613291171626
1739180559.698972,-2.278040548708885
1739180559.7268636,-2.2115986230558913
1739180559.7777638,-1.5619759467615786
1739180559.808186,-1.0543796198997704
1739180559.8305826,-0.5668538794230529
1739180559.8691025,-0.08440050505096701
1739180559.8973958,-0.11208544017191911
1739180559.9160757,-0.3177106442591621
1739180559.9593968,-0.9782833425558736
1739180559.9932218,-1.2502042862547544
1739180560.0183861,-1.3517194383433282
1739180560.0631924,-1.0390592329759698
1739180560.0783103,-0.5366449309144034
1739180560.1063519,-0.12397611058627105
1739180560.1257615,0.226633522254776
1739180560.1598082,0.4180268839543218
1739180560.185165,0.24279037850132534
1739180560.2094276,-0.08100866688640113
1739180560.2471175,-0.8358253863097016
1739180560.2839062,-1.0788134303552142
1739180560.3128572,-1.1798581433022266
1739180560.3553362,-0.8812204738676523
1739180560.3788338,-0.45743833802535827
1739180560.4004552,-0.07319905349382055
1739180560.4518874,0.3549716199107159
1739180560.4690864,0.2378822439182879
1739180560.500649,-0.011477389873590288
1739180560.5199544,-0.4591848006398181
1739180560.5604491,-0.9186610714944022
1739180560.591981,-0.9308094830334371
1739180560.6173491,-0.7632351925497058
1739180560.6667268,-0.09845152075280532
1739180560.679167,0.25182690582654393
1739180560.701476,0.4973637847089608
1739180560.7417884,0.41466494205036686
1739180560.768361,0.15314029849565525
1739180560.7901947,-0.2589898754653585
1739180560.8450305,-0.7864348754423469
1739180560.8712986,-0.7609621834565669
1739180560.8884895,-0.5854346326088526
1739180560.9369338,0.10175836073210227
1739180560.967236,0.4325836190988876
1739180560.9781828,0.5528768710771731
1739180561.026202,0.3217504955818632
1739180561.0573463,-0.051625137343805715
1739180561.0825188,-0.5968999464773824
1739180561.1121445,-1.6875396390910224
1739180561.125834,-2.004466772250727
1739180561.149838,-2.1545266350825734
1739180561.1966598,-1.9237956361109623
1739180561.2161598,-1.5531171663929118
1739180561.2432137,-1.0220552106682295
1739180561.2989907,-0.39053498463681796
1739180561.3233743,-0.33193666479614975
1739180561.3319418,-0.4660098822862981
1739180561.3667321,-1.0978745063682662
1739180561.4004679,-1.4736813073072361
1739180561.4162643,-1.5946050828719691
1739180561.4342923,-1.5656523631052002
1739180561.493498,-0.9920826480756249
1739180561.504574,-0.4708287830688538
1739180561.5231113,0.10196906224401156
1739180561.5567312,0.6598039613495501
1739180561.5808685,0.7001377902508733
1739180561.6161304,0.5563683525789146
1739180561.6370132,-0.26217535232677197
1739180561.653134,-0.7609507462767745
1739180561.6761024,-1.2113495075716894
1739180561.6931365,-1.443242972751836
1739180561.7417533,-1.391301317767434
1739180561.7589636,-1.1074945029577725
1739180561.7761164,-0.6744241333215287
1739180561.8127952,-0.04496383206567842
1739180561.8429034,0.009231992772975794
1739180561.8820302,-0.10112182814495096
1739180561.92015,-0.7752568192639853
1739180561.929756,-1.2004253300921233
1739180561.9503276,-1.4885795727543552
1739180561.9892757,-1.6379698877170026
1739180562.0235267,-1.4547523510286067
1739180562.048575,-1.0685793938320018
1739180562.0798388,-0.21304155029506808
1739180562.106888,0.14217380895448062
1739180562.1161256,0.3322718899208286
1739180562.1741624,0.17202787063139308
1739180562.1999207,-0.12868871807282037
1739180562.227903,-0.5799853298489313
1739180562.261291,-1.209974130376862
1739180562.2909055,-1.2471037647754288
1739180562.314687,-1.1123591311013825
1739180562.3549006,-0.5333744866379119
1739180562.3812544,-0.1668846271690294
1739180562.4034133,0.1553304867521208
1739180562.4264183,0.2820226565361162
1739180562.4618459,0.09946920274128489
1739180562.4811687,-0.2836092109379107
1739180562.5300436,-0.9551276191977767
1739180562.5416403,-1.1632957618089546
1739180562.5813427,-1.2063504524963893
1739180562.603367,-0.7909216553074105
1739180562.6314337,-0.3472228173050241
1739180562.6615663,0.14994762054274735
1739180562.7099986,0.545987347498339
1739180562.7241304,0.4861766447441027
1739180562.7599611,0.25447873009075384
1739180562.8030615,-0.43844626621628563
1739180562.8413677,-0.6918883848816856
1739180562.8635314,-0.7963799195203303
1739180562.8802254,-0.7020109707010413
1739180562.9209816,-0.1389729269784396
1739180562.9477947,0.3042350161626721
1739180562.9767315,0.6936485825868112
1739180563.009795,0.8643672641381549
1739180563.0387523,0.7054821784408253
1739180563.063647,0.3656512184742936
1739180563.0966015,-0.6703207017603279
1739180563.1213374,-1.0648925914375285
1739180563.1354356,-1.3101451240980586
1739180563.195291,-1.2235646002775646
1739180563.2230144,-0.9225240103834065
1739180563.241404,-0.5083307389897839
1739180563.2669141,-0.09464150071856944
1739180563.3193967,0.29288465096401106
1739180563.3310986,0.1760506269870357
1739180563.3533037,-0.07436435264136673
1739180563.3751454,-0.5414112484781486
1739180563.4173455,-1.06836987965765
1739180563.429522,-1.0650982753495168
1739180563.455541,-0.881635695973743
1739180563.4973981,-0.1112805997379089
1739180563.5262148,0.25841239543007427
1739180563.55053,0.5201542350920368
1739180563.5805914,0.5582575447737981
1739180563.6012785,0.31002989860143443
1739180563.624179,-0.047245597331721144
1739180563.6811004,-0.699553437448799
1739180563.7011347,-0.7742493989808266
1739180563.711109,-0.6770468475127744
1739180563.7338805,-0.3683800665867841
1739180563.7875109,0.04742579095943285
1739180563.8018036,0.01626459487666406
1739180563.827377,-0.15759537209053734
1739180563.877076,-0.8938898027940002
1739180563.8958302,-1.1186478828502038
1739180563.9207804,-1.2388472516901867
1739180563.970298,-0.926471756802001
1739180563.9881532,-0.528217815762133
1739180564.0124931,-0.0027875497670141855
1739180564.0600393,0.5552242284637842
1739180564.0885646,0.5960491426599442
1739180564.1135254,0.4034095684410066
1739180564.130899,0.13199243534455973
1739180564.1808288,-0.32815837960167327
1739180564.2067842,-0.3397929352323337
1739180564.227273,-0.1445315172385161
1739180564.2686915,0.5595129670007568
1739180564.2929733,0.9071998290932054
1739180564.3208227,1.1036932164283852
1739180564.330857,1.1018605184918295
1739180564.3842676,0.5879826713848578
1739180564.4115694,0.08316610216167436
1739180564.4290698,-0.5193485257992907
1739180564.4720426,-1.1323578837271693
1739180564.5152285,-1.2044709088290069
1739180564.5432,-1.0459551755195344
1739180564.5614872,-0.793788904585413
1739180564.6139002,-0.23180999341272915
1739180564.630428,-0.06530676387166538
1739180564.6501455,-0.04421827383795914
1739180564.7095268,-0.5594037073490562
1739180564.734489,-1.1271987303840887
1739180564.7554893,-1.6138976782718504
1739180564.8055553,-2.221388788859465
1739180564.8378167,-2.2442197204428513
1739180564.8503702,-2.095148450466365
1739180564.8902566,-1.3142222142757223
1739180564.9162714,-0.8613196355261521
1739180564.9395232,-0.5734432041099261
1739180564.9774373,-0.5131241796641441
1739180565.0009005,-0.7729760213131269
1739180565.0176728,-1.1308818885390992
1739180565.0644813,-1.8259816714353212
1739180565.0829654,-1.9296429404587268
1739180565.099845,-1.8613344964577532
1739180565.1496036,-1.1704205886937353
1739180565.1665227,-0.6045520560016536
1739180565.196128,0.03705101604160041
1739180565.2190902,0.36707504130825797
1739180565.2746496,0.602280616125287
1739180565.3029137,0.43875604394129825
1739180565.3303008,0.16560650485886538
1739180565.3642955,-0.48775461134830217
1739180565.3930948,-0.6322515117886546
1739180565.4270327,-0.595100873565203
1739180565.471756,-0.10949267208134894
1739180565.502271,0.29666214842986216
1739180565.536261,0.6767566745758409
1739180565.563223,0.8463713861951084
1739180565.5921519,0.6864707772191114
1739180565.603374,0.3547081860913991
1739180565.650765,-0.7087126524513735
1739180565.6761172,-1.2171497047094473
1739180565.6978052,-1.4932925771587997
1739180565.730725,-1.6085464877681397
1739180565.755213,-1.3477500982295054
1739180565.7833385,-0.9032041751974248
1739180565.8103445,-0.4735006970331838
1739180565.8639138,-0.11072826666996853
1739180565.8853228,-0.2041713737634769
1739180565.919991,-0.4959199358107782
1739180565.9494488,-0.8201805500269811
1739180565.9829926,-1.1054236100255066
1739180566.0107725,-0.9737988201182358
1739180566.0337095,-0.6736743824499558
1739180566.087372,0.16197022168097064
1739180566.099193,0.4680723352204067
1739180566.128964,0.6098854311764913
1739180566.171963,0.3649677746325326
1739180566.1927304,-0.04730535539561738
1739180566.2177153,-0.5363673406347244
1739180566.2495086,-1.2655623702076435
1739180566.2771149,-1.349902684075414
1739180566.3058453,-1.1542002783586665
1739180566.3316784,-0.824267124671605
1739180566.3614194,-0.3833947699391131
1739180566.4082212,0.08684364826860887
1739180566.4411924,0.06116692810321116
1739180566.467186,-0.11453937270074373
1739180566.5003233,-0.8351348201590457
1739180566.5317433,-1.1520989596208118
1739180566.5655673,-1.3335337127361464
1739180566.6108506,-1.1925335296920925
1739180566.6361945,-0.8724855132663544
1739180566.661383,-0.44409265911219253
1739180566.7084646,0.14540950680254974
1739180566.7299995,0.1618133730661262
1739180566.7620006,0.029613801226148602
1739180566.7866426,-0.36889832972459813
1739180566.8495529,-0.8336277826125844
1739180566.864669,-0.9601663297560091
1739180566.89684,-0.9210824727197054
1739180566.984656,-0.34228066128108164
1739180567.0083368,0.22209768364639662
1739180567.0341341,0.7679424392359614
1739180567.0925114,1.3182899418507081
1739180567.104401,1.328231324358248
1739180567.1332083,1.1568102423976487
1739180567.1764634,0.8974556379757085
1739180567.2109928,0.3436531227005731
1739180567.235486,0.18373990241479426
1739180567.258463,0.12659954247953223
1739180567.3015249,0.4231899446080389
1739180567.3291252,0.7369853148434639
1739180567.351268,1.0464306247781416
1739180567.3894434,1.21032309939436
1739180567.4092329,1.035821163281076
1739180567.438416,0.7087446072523415
1739180567.4761088,-0.06808347132981665
1739180567.50341,-0.28631284585806244
1739180567.5320232,-0.2883190715115523
1739180567.5687592,0.1879379329443181
1739180567.5960915,0.6456762313042438
1739180567.6179135,1.1264414227611668
1739180567.6467116,1.410126751559245
1739180567.684981,1.3930302380681816
1739180567.6960256,1.0905376977553565
1739180567.7246468,0.7383554394918018
1739180567.7727883,0.17358006406639115
1739180567.7902226,0.1526417240061454
1739180567.8149092,0.2902075118987173
1739180567.8658836,0.9102561556444394
1739180567.8864162,1.2911632068748353
1739180567.9185755,1.5535448347448633
1739180567.951387,1.6507480500110134
1739180567.967411,1.345257382404896
1739180567.9956608,0.9734802572134614
1739180568.0221095,0.4060711388578702
1739180568.063947,-0.27456700131554623
1739180568.0933492,-0.35654403796478523
1739180568.128705,-0.04027236653415348
1739180568.1599543,0.3965322160642239
1739180568.1873178,0.8175415672645652
1739180568.2130551,1.1143022659037747
1739180568.2521768,1.0780752297807654
1739180568.281009,0.7734993078216877
1739180568.3170688,0.360217861146916
1739180568.356359,-0.18863674549223133
1739180568.382944,-0.22925246408373995
1739180568.3939574,-0.09798399947800147
1739180568.4528584,0.5377886501009312
1739180568.4743795,0.8655267670067961
1739180568.5039637,1.0618208597817937
1739180568.5292165,1.0501539661157646
1739180568.564975,0.47304112514427277
1739180568.5945537,0.01953810347676991
1739180568.6172812,-0.508923935672537
1739180568.6536613,-1.108429705546983
1739180568.6650326,-1.1503736713169128
1739180568.691567,-1.0204630473048424
1739180568.747152,-0.35960750596273716
1739180568.77507,0.12248637463468712
1739180568.8050647,0.4249639548542943
1739180568.852382,0.5892983796289413
1739180568.8730383,0.4276831920397866
1739180568.9085383,0.02724319301069221
1739180568.9370146,-0.37011471636830034
1739180568.9726262,-0.7446088261006698
1739180569.0070462,-0.6745674306155123
1739180569.043606,-0.39900188516484353
1739180569.0787609,0.37546370095846354
1739180569.1083705,0.7033505866133481
1739180569.136135,0.9862409843354579
1739180569.171906,0.95333978767676
1739180569.1997967,0.6712740926678818
1739180569.220475,0.13005131639050801
1739180569.2397497,-0.3098853487051075
1739180569.288289,-0.6826136397656292
1739180569.317499,-0.6295560081153022
1739180569.3254185,-0.4050743493814034
1739180569.3794515,0.4663198372847821
1739180569.4051504,0.7818623940477112
1739180569.4274087,0.9582502351028678
1739180569.4537778,0.9627741506963349
1739180569.495797,0.45621845041541537
1739180569.5240977,-0.046507870695438366
1739180569.542404,-0.5800016844387114
1739180569.56777,-1.043041814539058
1739180569.5970619,-1.1774021139313933
1739180569.6240406,-0.9452841012790373
1739180569.6530497,-0.6055678666438016
1739180569.6868157,0.2742675497670323
1739180569.7156806,0.4926595059063121
1739180569.7365835,0.5412983418922444
1739180569.778513,0.10749533379259583
1739180569.8088343,-0.325634039136028
1739180569.8405135,-0.7507569000580273
1739180569.8713434,-0.9567385873834854
1739180569.9172049,-0.8745594279183776
1739180569.9497654,-0.5466220133773592
1739180569.9764361,-0.13794062203298335
1739180570.0111387,0.7008015135527902
1739180570.0371153,0.8387397901637162
1739180570.05887,0.828747307138616
1739180570.0993264,0.33436183382408224
1739180570.1190307,-0.10643256495822935
1739180570.1397104,-0.5635449627473753
1739180570.1883373,-0.9845991719606499
1739180570.2135003,-0.9072020353490746
1739180570.2293766,-0.6867158205869976
1739180570.2940614,-0.12613608864258066
1739180570.3061461,0.10215354418121743
1739180570.3222091,0.1989936657431175
1739180570.3647764,-0.14160530807482916
1739180570.3951504,-0.5558930312081984
1739180570.4154053,-1.136934118250745
1739180570.4413738,-1.467149986852376
1739180570.4855409,-1.6218749200356735
1739180570.5100927,-1.4541104593190237
1739180570.5344956,-1.1263362227786318
1739180570.5745451,-0.3657660250930979
1739180570.6005795,-0.1704645244581823
1739180570.6321816,-0.12326564045505564
1739180570.6804574,-0.5375718091475674
1739180570.6923792,-0.893547308050003
1739180570.7252011,-1.3135239749015901
1739180570.7734892,-1.720428083929207
1739180570.7984533,-1.6660714665596807
1739180570.820647,-1.439847741831355
1739180570.8517413,-0.47902611233200965
1739180570.8967369,-0.002535286332363529
1739180570.9197314,0.32628020199578234
1739180570.9563036,0.4972403597487299
1739180570.9890072,0.24616607082118902
1739180571.015332,-0.08334083721597314
1739180571.0384424,-0.5457386635492916
1739180571.0837648,-1.1617565263140903
1739180571.112495,-1.1901871163436983
1739180571.135205,-1.0688046152170758
1739180571.1743264,-0.5015159838662457
1739180571.2046964,-0.13696186878952332
1739180571.2269263,0.17366500830171802
1739180571.2633617,0.2853583921409804
1739180571.2747033,0.08338745002378505
1739180571.3000226,-0.2747635938961002
1739180571.335885,-1.1046006923244267
1739180571.3669481,-1.2458952910242906
1739180571.3888206,-1.2153224222426424
1739180571.4268308,-0.7115445680879917
1739180571.4355218,-0.23916247320027512
1739180571.4630752,0.17774970888452693
1739180571.4823732,0.43364915315302416
1739180571.5127227,0.4298073886333301
1739180571.5512068,0.05861869539670716
1739180571.5668206,-0.26157371272021956
1739180571.6022608,-1.1983584221915557
1739180571.6335037,-1.464474859192824
1739180571.6631842,-1.4715663208073688
1739180571.7064326,-0.970238770416981
1739180571.7278643,-0.4691454545303719
1739180571.7553496,0.10484926309084716
1739180571.8020573,0.6292584373357514
1739180571.8300095,0.6560206135401835
1739180571.8531728,0.5108964764310412
1739180571.9108338,-0.08994668752451722
1739180571.933403,-0.41921519698823206
1739180571.9554691,-0.6335175525425016
1739180571.9989479,-0.5505466806184078
1739180572.0281918,-0.21186831367114242
1739180572.0443792,0.1661698416087716
1739180572.1011257,0.782910036819887
1739180572.1251607,0.8216819520266296
1739180572.1604161,0.6799982007342326
1739180572.1858048,0.3303268220119061
1739180572.2140715,-0.7559911034814483
1739180572.226405,-1.2982316941632008
1739180572.263418,-1.590003862841389
1739180572.308741,-1.729642965362361
1739180572.3432996,-1.5298871170757464
1739180572.3592045,-1.1288526400133387
1739180572.4025455,-0.7080883664731602
1739180572.450209,-0.14667213087034786
1739180572.4693327,-0.18992033536113975
1739180572.497294,-0.37542921177371236
1739180572.51054,-0.7225061852992793
1739180572.5611033,-1.2545233387560468
1739180572.5882032,-1.295065546761273
1739180572.6159687,-1.144906423031627
1739180572.6532753,-0.5213362349687122
1739180572.677179,-0.14156018999096656
1739180572.7041442,0.14146396892382032
1739180572.741497,0.19799637719301405
1739180572.7541294,-0.03156844894053767
1739180572.7838805,-0.4209560554803454
1739180572.8246422,-1.0028679719406368
1739180572.8441837,-1.0290831847613133
1739180572.8773136,-0.8949373271078093
1739180572.9132328,-0.21615046266944007
1739180572.9364457,0.18985464706949062
1739180572.9615927,0.5300425949301012
1739180573.010704,0.7189749112869642
1739180573.0265958,0.47311832890740624
1739180573.0575838,0.09400837696954985
1739180573.078596,-0.2827851968839001
1739180573.1133695,-0.6394187699633721
1739180573.133345,-0.542498968011994
1739180573.1575794,-0.15980940602343757
1739180573.1840389,0.2626220769810196
1739180573.2329285,0.7224282711441362
1739180573.255083,0.7157327813208731
1739180573.2753356,0.5098713179030246
1739180573.318569,0.06879926166841799
1739180573.3516393,-0.4894118433379559
1739180573.378737,-0.5086428786351881
1739180573.407292,-0.34306961480479076
1739180573.436109,0.36838491898850845
1739180573.458032,0.7911752709981299
1739180573.478744,1.0953428583864573
1739180573.5112982,1.1895326435723568
1739180573.5383625,0.9483436858199636
1739180573.5660696,0.5510404050620051
1739180573.6015308,-0.20465892233660687
1739180573.6329188,-0.37074851233538964
1739180573.6619174,-0.3297411682141418
1739180573.6685135,-0.08670547370273271
1739180573.720641,0.4765702421692286
1739180573.7544177,0.7316497374911499
1739180573.780467,0.7932380322033039
1739180573.8276913,0.43920108600635493
1739180573.8502088,0.027128154241920683
1739180573.8771274,-0.5104406851438057
1739180573.9084182,-1.1533906217612704
1739180573.9409187,-1.2458488022416971
1739180573.9637241,-1.1664707463736366
1739180574.017172,-0.6090180783809594
1739180574.0442023,-0.15954008573377373
1739180574.068326,0.22660009518864999
1739180574.1080039,0.5000085654976499
1739180574.135303,0.378883773521126
1739180574.1562812,0.08737516849613468
1739180574.2108421,-0.6467568214988165
1739180574.22289,-0.9174721868962907
1739180574.2560954,-0.9963266663559645
1739180574.301261,-0.6030078558681694
1739180574.3303463,-0.18403813971466712
1739180574.3550792,0.23044236581327035
1739180574.3847535,0.49192685430189964
1739180574.4355984,0.5006271165170615
1739180574.4525008,0.24715255277826373
1739180574.47418,-0.14593446576171692
1739180574.6371548,-0.895421772734384
1739180574.6454859,-0.9840273496828172
1739180574.67244,-0.9192100561723383
1739180574.6869109,-0.17159773442164789
1739180574.7056613,0.37403434538511926
1739180574.728928,1.1435081506475877
1739180574.7536802,2.186353476677257
1739180574.7635665,4.639166406667207
1739180574.791437,5.713393143343551
1739180574.8063536,6.7424006147623246
1739180574.8282807,8.283585262632185
1739180574.8401384,8.797675476631797
1739180574.865556,9.167409325685286
1739180574.8972616,9.32634594319161
1739180574.9183247,9.166436061591302
1739180574.949289,8.837827813218123
1739180574.9912891,7.663489209342995
1739180575.018577,6.93261098238839
1739180575.0428066,6.224210585981378
1739180575.078378,5.311091096336039
1739180575.1060314,5.1099223472283235
1739180575.1340513,5.0855700324690245
1739180575.1689713,5.278449162972221
1739180575.1931918,5.326639722427053
1739180575.2059858,5.243890598286183
1739180575.2582893,4.570719711638876
1739180575.2830436,4.026749678131114
1739180575.3176522,3.4289079158535976
1739180575.3526058,2.771699751338345
1739180575.3823738,2.7067234108659055
1739180575.4045053,2.820387381306242
1739180575.4388433,3.03402522822564
1739180575.472441,3.1452179593279745
1739180575.503522,2.9157734182719466
1739180575.5230248,2.433860798168027
1739180575.5667362,1.461109943603985
1739180575.6050656,1.0330019914623292
1739180575.6192536,0.8116265866502551
1739180575.644465,0.7851815288034298
1739180575.67772,1.22492413393405
1739180575.7029173,1.6658444809865152
1739180575.7398703,2.1113334464941618
1739180575.7674253,2.407107426459579
1739180575.7942698,2.2768870288031073
