timestamp,roll,pitch,yaw,altitude,roll_setpoint,pitch_setpoint,yaw_setpoint,alt_setpoint
1733470848954259,-5.478437947005722e-20,9.815466651207431e-21,-2.0056399376028883e-07,0.9996833205223083,0.0,0.0,0.0,0.8
1733470849000098,-6.774953015692784e-20,1.2138226980144094e-20,-2.0056399376028883e-07,0.9993737936019897,0.0,0.0,0.0,0.8
1733470849057133,-8.963784628053257e-20,1.6058987756655412e-20,-2.0056399376028883e-07,1.005049705505371,0.0,0.0,0.0,0.8
1733470849116116,-1.1024840979549794e-19,1.9750477822944522e-20,-2.0056399376028883e-07,1.0034427642822266,0.0,0.0,0.0,0.8
1733470849199019,-1.3241248816927007e-19,2.371995753884949e-20,-2.0056399376028883e-07,1.0065503120422363,0.0,0.0,0.0,0.8
1733470849259518,-1.6755702789731545e-19,3.001382313859694e-20,-2.0056399376028883e-07,1.001880407333374,0.0,0.0,0.0,0.8
1733470849317771,-1.9739519138951514e-19,3.5357162354507023e-20,-2.0056399376028883e-07,0.992946445941925,0.0,0.0,0.0,0.8
1733470849380956,-2.411894170197192e-19,4.3199478851462766e-20,-2.0056399376028883e-07,0.9920851588249207,0.0,0.0,0.0,0.8
1733470849436828,-2.756693044823218e-19,4.937382983932944e-20,-2.0056399376028883e-07,0.9988950490951538,0.0,0.0,0.0,0.8
1733470849501674,-3.1459820968362137e-19,5.634487127752742e-20,-2.0056399376028883e-07,1.0110876560211182,0.0,0.0,0.0,0.8
1733470849558649,-3.4685358828025923e-19,6.21208770408339e-20,-2.0056399376028883e-07,0.9937379360198975,0.0,0.0,0.0,0.8
1733470849620172,-3.946805289601598e-19,7.068529937991034e-20,-2.0056399376028883e-07,1.0094969272613525,0.0,0.0,0.0,0.8
1733470849661566,-4.280000416270157e-19,7.665185625023241e-20,-2.0056399376028883e-07,0.9950716495513916,0.0,0.0,0.0,0.8
1733470849743045,-4.740999901865023e-19,8.490696623777044e-20,-2.0056399376028883e-07,0.9957109689712524,0.0,0.0,0.0,0.8
1733470849799270,-5.055180744006859e-19,9.053295779688593e-20,-2.0056399376028883e-07,0.9960532784461975,0.0,0.0,0.0,0.8
1733470849859631,-5.387299901993956e-19,9.648013210223589e-20,-2.0056399376028883e-07,1.0039809942245483,0.0,0.0,0.0,0.8
1733470849924200,-5.799653538041042e-19,1.03863991436082e-19,-2.0056399376028883e-07,1.0051333904266357,0.0,0.0,0.0,0.8
1733470849993950,-6.112698261041258e-19,1.094695227419474e-19,-2.0056399376028883e-07,1.0056746006011963,0.0,0.0,0.0,0.8
1733470850051533,-6.422133956518526e-19,1.1501039275268165e-19,-2.0056399376028883e-07,1.0087428092956543,0.0,0.0,0.0,0.8
1733470850118254,-6.738092691263986e-19,1.206680281476108e-19,-2.0056399376028883e-07,1.0009384155273438,0.0,0.0,0.0,0.8
1733470850186300,-7.150054793370346e-19,1.2804466269430852e-19,-2.0056399376028883e-07,1.006333827972412,0.0,0.0,0.0,0.8
1733470850247936,-7.457063139858897e-19,1.3354193807731237e-19,-2.0056399376028883e-07,0.9981073141098022,0.0,0.0,0.0,0.8
1733470850320606,-7.748664910574545e-19,1.387623414795624e-19,-2.0056399376028883e-07,1.0097360610961914,0.0,0.0,0.0,0.8
1733470850365588,-7.845547396844066e-19,1.404948879498957e-19,-2.0056399376028883e-07,1.008007526397705,0.0,0.0,0.0,0.8
1733470850421486,-7.828007900729288e-19,1.4017759795835293e-19,-2.0056399376028883e-07,1.0005470514297485,0.0,0.0,0.0,0.8
1733470850482116,-7.632233113937797e-19,1.3666579361032442e-19,-2.0056399376028883e-07,1.0023226737976074,0.0,0.0,0.0,0.8
1733470850550690,-7.35485021422449e-19,1.316929032990114e-19,-2.0056399376028883e-07,1.0118989944458008,0.0,0.0,0.0,0.8
1733470850967435,-1.7076165249795261e-19,3.049039226869585e-20,-2.0056399376028883e-07,1.0113803148269653,0.0,0.0,0.0,0.8
1733470850970285,-1.3105346692958067e-19,2.3375009047577693e-20,-2.0056399376028883e-07,0.999516487121582,0.0,0.0,0.0,0.8
1733470850972181,-9.010193079340213e-20,1.6036860393098427e-20,-2.0056399376028883e-07,1.002692699432373,0.0,0.0,0.0,0.8
1733470850973224,-9.010193079340213e-20,1.6036860393098427e-20,-2.0056399376028883e-07,1.0051791667938232,0.0,0.0,0.0,0.8
1733470850974290,-9.010193079340213e-20,1.6036860393098427e-20,-2.0056399376028883e-07,0.9925068020820618,0.0,0.0,0.0,0.8
1733470851020292,4.47493240871625e-20,-8.127074764797156e-21,-2.0056399376028883e-07,0.9974225163459778,0.0,0.0,0.0,0.8
1733470851078785,1.9824379569836322e-19,-3.56313347047641e-20,-2.0056399376028883e-07,1.001847267150879,0.0,0.0,0.0,0.8
1733470851145417,4.20406428501931e-19,-7.543928943816843e-20,-2.0056399376028883e-07,1.0113306045532227,0.0,0.0,0.0,0.8
1733470851204300,6.334814299965601e-19,-1.1361832035827778e-19,-2.0056399376028883e-07,1.012162685394287,0.0,0.0,0.0,0.8
1733470851260388,9.306891133361504e-19,-1.6687175349263965e-19,-2.0056399376028883e-07,0.9921607375144958,0.0,0.0,0.0,0.8
1733470851330010,1.187360833386028e-18,-2.1286159918465213e-19,-2.0056399376028883e-07,1.0060007572174072,0.0,0.0,0.0,0.8
1733470851387482,1.4782130861345016e-18,-2.649755194831933e-19,-2.0056399376028883e-07,1.013501524925232,0.0,0.0,0.0,0.8
1733470851441965,1.7951102264110065e-18,-3.21755783134324e-19,-2.0056399376028883e-07,1.015379786491394,0.0,0.0,0.0,0.8
1733470851498697,2.2542345961121622e-18,-4.040192981072788e-19,-2.0056399376028883e-07,1.0132887363433838,0.0,0.0,0.0,0.8
1733470851569002,2.606489489482395e-18,-4.671342387788169e-19,-2.0056399376028883e-07,0.9909908175468445,0.0,0.0,0.0,0.8
1733470851621197,3.0216359596648477e-18,-5.415174903408695e-19,-2.0056399376028883e-07,1.0040104389190674,0.0,0.0,0.0,0.8
1733470851682721,3.566982548067608e-18,-6.392288359509218e-19,-2.0056399376028883e-07,0.9953953623771667,0.0,0.0,0.0,0.8
1733470851744501,4.0390329552988154e-18,-7.238072006730374e-19,-2.0056399376028883e-07,0.9990939497947693,0.0,0.0,0.0,0.8
1733470851810289,4.717842720473229e-18,-8.454307429728275e-19,-2.0056399376028883e-07,1.0027326345443726,0.0,0.0,0.0,0.8
1733470851875417,5.2354441455189286e-18,-9.381700653249223e-19,-2.0056399376028883e-07,1.000479817390442,0.0,0.0,0.0,0.8
1733470851939024,6.040112538300291e-18,-1.0823432271023116e-18,-2.0056399376028883e-07,1.0175514221191406,0.0,0.0,0.0,0.8
1733470851971670,6.6337198461431404e-18,-1.1887001757761352e-18,-2.0056399376028883e-07,1.0024522542953491,0.0,0.0,0.0,0.8
1733470852033215,7.280465242928351e-18,-1.3045777376848165e-18,-2.0056399376028883e-07,1.007270336151123,0.0,0.0,0.0,0.8
1733470852080577,7.525929324018054e-18,-1.3485575683750579e-18,-2.0056399376028883e-07,0.9993233680725098,0.0,0.0,0.0,0.8
1733470852141972,8.432202195605483e-18,-1.5109344250379402e-18,-2.0056399376028883e-07,0.9981348514556885,0.0,0.0,0.0,0.8
1733470852190190,9.702045840295876e-18,-1.7384518530306038e-18,-2.0056399376028883e-07,1.0000717639923096,0.0,0.0,0.0,0.8
1733470852244566,1.0547832244236928e-17,-1.8899908915044365e-18,-2.0056399376028883e-07,1.0192526578903198,0.0,0.0,0.0,0.8
1733470852305942,1.1658221378948525e-17,-2.0889384302005592e-18,-2.0056399376028883e-07,1.01256263256073,0.0,0.0,0.0,0.8
1733470852383028,1.2829026454262595e-17,-2.298710416593657e-18,-2.0056399376028883e-07,1.0045348405838013,0.0,0.0,0.0,0.8
1733470852443229,1.3785848330826615e-17,-2.4701430678244632e-18,-2.0056399376028883e-07,1.01018226146698,0.0,0.0,0.0,0.8
1733470852496202,1.47877091352087e-17,-2.6496451377158564e-18,-2.0056399376028883e-07,1.015326976776123,0.0,0.0,0.0,0.8
1733470852554173,1.6216915632243628e-17,-2.9057139345995964e-18,-2.0056399376028883e-07,1.0143344402313232,0.0,0.0,0.0,0.8
1733470852610297,1.725199798856372e-17,-3.091167948122664e-18,-2.0056399376028883e-07,1.0041213035583496,0.0,0.0,0.0,0.8
1733470852670349,1.8364249896244616e-17,-3.2904481820669764e-18,-2.0056399376028883e-07,1.0123792886734009,0.0,0.0,0.0,0.8
1733470852731615,1.99128658622388e-17,-3.567910817396979e-18,-2.0056399376028883e-07,1.0104442834854126,0.0,0.0,0.0,0.8
1733470852788941,2.1205749108339467e-17,-3.799554151776482e-18,-2.0056399376028883e-07,0.9980553984642029,0.0,0.0,0.0,0.8
1733470852848594,2.2632022028717744e-17,-4.055096513740114e-18,-2.0056399376028883e-07,1.0093717575073242,0.0,0.0,0.0,0.8
1733470852911270,2.345265429469389e-17,-4.2021274363435455e-18,-2.0056399376028883e-07,1.014000654220581,0.0,0.0,0.0,0.8
1733470852971232,2.5739061174846475e-17,-4.611777848830025e-18,-2.0056399376028883e-07,1.0030184984207153,0.0,0.0,0.0,0.8
1733470853034600,2.7665554707596587e-17,-4.956943184070738e-18,-2.0056399376028883e-07,1.0023295879364014,0.0,0.0,0.0,0.8
1733470853090629,2.913057061378866e-17,-5.21942652986239e-18,-2.0056399376028883e-07,1.007992148399353,0.0,0.0,0.0,0.8
1733470853170504,3.116504188645631e-17,-5.583937637879254e-18,-2.0056399376028883e-07,1.0028929710388184,0.0,0.0,0.0,0.8
1733470853208007,3.2751732889265723e-17,-5.868220954112896e-18,-2.0056399376028883e-07,1.0091255903244019,0.0,0.0,0.0,0.8
1733470853259196,3.4390570362054e-17,-6.161847114821679e-18,-2.0056399376028883e-07,1.0087254047393799,0.0,0.0,0.0,0.8
1733470853316636,3.608155430482113e-17,-6.464816120005601e-18,-2.0056399376028883e-07,1.012406826019287,0.0,0.0,0.0,0.8
1733470853379943,3.8476898123329824e-17,-6.8939832161275875e-18,-2.0056399376028883e-07,1.0162073373794556,0.0,0.0,0.0,0.8
1733470853446739,4.035267336497603e-17,-7.23006053790558e-18,-2.0056399376028883e-07,1.007989764213562,0.0,0.0,0.0,0.8
1733470853514674,4.279160844952574e-17,-7.667037471897445e-18,-2.0056399376028883e-07,1.0018291473388672,0.0,0.0,0.0,0.8
1733470853570555,4.479311462434321e-17,-8.025641429798826e-18,-2.0056399376028883e-07,1.0047696828842163,0.0,0.0,0.0,0.8
1733470853637045,4.745798671180406e-17,-8.503098567949681e-18,-2.0056399376028883e-07,1.0173512697219849,0.0,0.0,0.0,0.8
1733470853687993,4.745798671180406e-17,-8.503098567949681e-18,-2.0056399376028883e-07,1.0113863945007324,0.0,0.0,0.0,0.8
1733470853753380,5.171587607046225e-17,-9.265971526563975e-18,-2.0056399376028883e-07,1.013063907623291,0.0,0.0,0.0,0.8
1733470853803582,5.389983774498496e-17,-9.657265096754234e-18,-2.0056399376028883e-07,0.9975907206535339,0.0,0.0,0.0,0.8
1733470853861133,5.698046467275384e-17,-1.0209211232643505e-17,-2.0056399376028883e-07,1.0106077194213867,0.0,0.0,0.0,0.8
1733470853949998,6.080744125153097e-17,-1.0894878260638604e-17,-2.0056399376028883e-07,1.021179437637329,0.0,0.0,0.0,0.8
1733470853980758,6.24149254254441e-17,-1.1182885944954563e-17,-2.0056399376028883e-07,1.0186622142791748,0.0,0.0,0.0,0.8
1733470854045726,6.57926431602927e-17,-1.1788060481666848e-17,-2.0056399376028883e-07,1.0018595457077026,0.0,0.0,0.0,0.8
1733470854097663,6.824862248254417e-17,-1.2228090104493353e-17,-2.0056399376028883e-07,1.0006366968154907,0.0,0.0,0.0,0.8
1733470854178379,7.084758905387474e-17,-1.2693738203549467e-17,-2.0056399376028883e-07,0.9972160458564758,0.0,0.0,0.0,0.8
1733470854246959,7.449538934061435e-17,-1.3347302195555399e-17,-2.0056399376028883e-07,1.0082556009292603,0.0,0.0,0.0,0.8
1733470854284255,7.742160969395997e-17,-1.387158306752179e-17,-2.0056399376028883e-07,1.0116807222366333,0.0,0.0,0.0,0.8
1733470854347552,8.023398059475307e-17,-1.4375465844041188e-17,-2.0056399376028883e-07,0.9997051358222961,0.0,0.0,0.0,0.8
1733470854403718,8.321066286261356e-17,-1.4908787641460135e-17,-2.0056399376028883e-07,1.0102108716964722,0.0,0.0,0.0,0.8
1733470854461287,8.725772378850671e-17,-1.5633885335712242e-17,-2.0056399376028883e-07,1.0190716981887817,0.0,0.0,0.0,0.8
1733470854523227,9.029847221584168e-17,-1.6178685468918725e-17,-2.0056399376028883e-07,1.0028245449066162,0.0,0.0,0.0,0.8
1733470854603273,9.44572899023401e-17,-1.6923806005795973e-17,-2.0056399376028883e-07,1.0015310049057007,0.0,0.0,0.0,0.8
1733470854663937,9.765476800475281e-17,-1.7496686677905358e-17,-2.0056399376028883e-07,1.0133401155471802,0.0,0.0,0.0,0.8
1733470854724539,1.0202255859135503e-16,-1.8279247933319808e-17,-2.0056399376028883e-07,1.0224298238754272,0.0,0.0,0.0,0.8
1733470854783158,1.0548973010903014e-16,-1.8900448445819647e-17,-2.0056399376028883e-07,1.005184292793274,0.0,0.0,0.0,0.8
1733470854844185,1.0902862411134817e-16,-1.953449914778886e-17,-2.0056399376028883e-07,1.0094670057296753,0.0,0.0,0.0,0.8
1733470854904591,1.1370410451252195e-16,-2.0372187779712053e-17,-2.0056399376028883e-07,1.0161198377609253,0.0,0.0,0.0,0.8
1733470854954281,1.1753691412211256e-16,-2.1058898101406525e-17,-2.0056399376028883e-07,1.0154225826263428,0.0,0.0,0.0,0.8
1733470855031085,1.2231934434530306e-16,-2.1915748338757943e-17,-2.0056399376028883e-07,1.009928584098816,0.0,0.0,0.0,0.8
1733470855090352,1.260812609015345e-16,-2.2589756866539132e-17,-2.0056399376028883e-07,1.0150717496871948,0.0,0.0,0.0,0.8
1733470855147096,1.29915459263726e-16,-2.3276715794831435e-17,-2.0056399376028883e-07,1.015383005142212,0.0,0.0,0.0,0.8
1733470855193087,1.3514016211147485e-16,-2.4212806100016258e-17,-2.0056399376028883e-07,1.0068179368972778,0.0,0.0,0.0,0.8
1733470855252015,1.391430180209066e-16,-2.492998262950118e-17,-2.0056399376028883e-07,1.0157325267791748,0.0,0.0,0.0,0.8
1733470855299845,1.433552385134697e-16,-2.5684670158505898e-17,-2.0056399376028883e-07,1.019892692565918,0.0,0.0,0.0,0.8
1733470855356958,1.4890446086665918e-16,-2.667890312910814e-17,-2.0056399376028883e-07,1.0138968229293823,0.0,0.0,0.0,0.8
1733470855411176,1.5344707245304292e-16,-2.7492783487139235e-17,-2.0056399376028883e-07,1.0221861600875854,0.0,0.0,0.0,0.8
1733470855462691,1.5779736005199676e-16,-2.827220290480125e-17,-2.0056399376028883e-07,1.0103617906570435,0.0,0.0,0.0,0.8
1733470855546972,1.6373561978759834e-16,-2.9336126875459167e-17,-2.0056399376028883e-07,1.022463321685791,0.0,0.0,0.0,0.8
1733470855611009,1.684461516794738e-16,-3.0180082408095025e-17,-2.0056399376028883e-07,1.0239230394363403,0.0,0.0,0.0,0.8
1733470855674134,1.746641032777444e-16,-3.1294108199077976e-17,-2.0056399376028883e-07,1.027693748474121,0.0,0.0,0.0,0.8
1733470855727295,1.794309741791947e-16,-3.214815110264664e-17,-2.0056399376028883e-07,1.0041449069976807,0.0,0.0,0.0,0.8
1733470855792012,1.8592467831812488e-16,-3.331157305451343e-17,-2.0056399376028883e-07,1.0300841331481934,0.0,0.0,0.0,0.8
1733470855847406,1.9106583223379137e-16,-3.423266683467067e-17,-2.0056399376028883e-07,1.0070867538452148,0.0,0.0,0.0,0.8
1733470855907416,1.9665929637605958e-16,-3.523479068438919e-17,-2.0056399376028883e-07,1.009237289428711,0.0,0.0,0.0,0.8
1733470855968107,2.016861673733853e-16,-3.613539693317023e-17,-2.0056399376028883e-07,1.0117309093475342,0.0,0.0,0.0,0.8
1733470856036240,2.089709456131367e-16,-3.744051550928559e-17,-2.0056399376028883e-07,1.0275251865386963,0.0,0.0,0.0,0.8
1733470856084601,2.144332440929376e-16,-3.8419116398700714e-17,-2.0056399376028883e-07,1.0261216163635254,0.0,0.0,0.0,0.8
1733470856138429,2.200070689996567e-16,-3.9417691438220127e-17,-2.0056399376028883e-07,1.022098183631897,0.0,0.0,0.0,0.8
1733470856199494,2.2780499272148267e-16,-4.0814713298315317e-17,-2.0056399376028883e-07,1.0197665691375732,0.0,0.0,0.0,0.8
1733470856253527,2.336427635052409e-16,-4.186056049308155e-17,-2.0056399376028883e-07,1.0294872522354126,0.0,0.0,0.0,0.8
1733470856317089,2.418014132590204e-16,-4.332218763201406e-17,-2.0056399376028883e-07,1.0155225992202759,0.0,0.0,0.0,0.8
1733470856389713,2.48519435539378e-16,-4.4525717495284147e-17,-2.0056399376028883e-07,1.026667833328247,0.0,0.0,0.0,0.8
1733470856452444,2.5726481696148473e-16,-4.609243753849222e-17,-2.0056399376028883e-07,1.02190363407135,0.0,0.0,0.0,0.8
1733470856500089,2.638681493727197e-16,-4.7275404570018874e-17,-2.0056399376028883e-07,1.0194050073623657,0.0,0.0,0.0,0.8
1733470856549517,2.7060750257791326e-16,-4.848273028632917e-17,-2.0056399376028883e-07,1.027053713798523,0.0,0.0,0.0,0.8
1733470856616371,2.7927924701998683e-16,-5.0036222893768115e-17,-2.0056399376028883e-07,1.012997031211853,0.0,0.0,0.0,0.8
1733470856665621,2.860963144874521e-16,-5.1257451586736355e-17,-2.0056399376028883e-07,1.0123876333236694,0.0,0.0,0.0,0.8
1733470856746950,2.9585421876548884e-16,-5.3005496763544204e-17,-2.0056399376028883e-07,0.9988924264907837,0.0,0.0,0.0,0.8
1733470856799019,3.0297701455236186e-16,-5.428147546601575e-17,-2.0056399376028883e-07,1.025782823562622,0.0,0.0,0.0,0.8
1733470856864362,3.10715071953199e-16,-5.566766386412766e-17,-2.0056399376028883e-07,1.0261296033859253,0.0,0.0,0.0,0.8
1733470856905792,3.185980672239775e-16,-5.707980782230038e-17,-2.0056399376028883e-07,1.0186883211135864,0.0,0.0,0.0,0.8
1733470856960246,3.266260003646975e-16,-5.851790734053393e-17,-2.0056399376028883e-07,1.0274949073791504,0.0,0.0,0.0,0.8
1733470857015566,3.3686473567020286e-16,-6.035203174466141e-17,-2.0056399376028883e-07,1.028289556503296,0.0,0.0,0.0,0.8
1733470857074242,3.452187790182912e-16,-6.184853127303181e-17,-2.0056399376028883e-07,1.0211944580078125,0.0,0.0,0.0,0.8
1733470857138762,3.531823276835358e-16,-6.327507250163742e-17,-2.0056399376028883e-07,1.025517225265503,0.0,0.0,0.0,0.8
1733470857200948,3.6399854981458925e-16,-6.521261359038223e-17,-2.0056399376028883e-07,1.0151482820510864,0.0,0.0,0.0,0.8
1733470857261690,3.7225937884709637e-16,-6.669239195847766e-17,-2.0056399376028883e-07,1.0238194465637207,0.0,0.0,0.0,0.8
1733470857315355,3.8405312790001463e-16,-6.880501555052549e-17,-2.0056399376028883e-07,1.0285450220108032,0.0,0.0,0.0,0.8
1733470857449999,4.052081694041014e-16,-7.259449392053566e-17,-2.0056399376028883e-07,1.026310920715332,0.0,0.0,0.0,0.8
1733470857458200,4.052081694041014e-16,-7.259449392053566e-17,-2.0056399376028883e-07,1.0346441268920898,0.0,0.0,0.0,0.8
1733470857493665,4.2604274786063083e-16,-7.632722746717176e-17,-2.0056399376028883e-07,1.0250027179718018,0.0,0.0,0.0,0.8
1733470857548152,5.754608917372322e-16,-1.0309860677383866e-16,-2.0056399376028883e-07,1.0173193216323853,0.0,0.0,0.0,0.8
1733470857607837,7.892875427383288e-16,-1.4141047308285846e-16,-2.0056399376028883e-07,1.0140455961227417,0.0,0.0,0.0,0.8
1733470857669006,1.2457311089545507e-15,-2.2319292300634783e-16,-2.0056399376028883e-07,1.0261818170547485,0.0,0.0,0.0,0.8
1733470857736281,1.8454741340364277e-15,-3.3065100943822294e-16,-2.0056399376028883e-07,1.0209791660308838,0.0,0.0,0.0,0.8
1733470857775577,2.177864777216927e-15,-3.902066724255101e-16,-2.0056399376028883e-07,1.0319750308990479,0.0,0.0,0.0,0.8
1733470857824542,2.990378270551006e-15,-5.357878147659835e-16,-2.0056399376028883e-07,1.0213404893875122,0.0,0.0,0.0,0.8
1733470857888815,3.700408923173744e-15,-6.630067832493528e-16,-2.0056399376028883e-07,1.0283527374267578,0.0,0.0,0.0,0.8
1733470857949840,4.4985686502208324e-15,-8.060162269210044e-16,-2.0056399376028883e-07,1.0294890403747559,0.0,0.0,0.0,0.8
1733470858022632,5.60472788172422e-15,-1.0042112164036815e-15,-2.0056399376028883e-07,1.0301868915557861,0.0,0.0,0.0,0.8
1733470858083974,6.916263717101813e-15,-1.239204412877583e-15,-2.0056399376028883e-07,1.0129367113113403,0.0,0.0,0.0,0.8
1733470858146609,8.456163137350791e-15,-1.515114494918996e-15,-2.0056399376028883e-07,1.0226012468338013,0.0,0.0,0.0,0.8
1733470858202312,9.730107550212268e-15,-1.7433723635936871e-15,-2.0056399376028883e-07,1.0294759273529053,0.0,0.0,0.0,0.8
1733470858263714,1.1052841971810354e-14,-1.9803721645190692e-15,-2.0056399376028883e-07,1.0178840160369873,0.0,0.0,0.0,0.8
1733470858325127,1.2512548696918262e-14,-2.2419138844234983e-15,-2.0056399376028883e-07,1.021750807762146,0.0,0.0,0.0,0.8
1733470858391798,1.4588123362370727e-14,-2.613803258244794e-15,-2.0056399376028883e-07,1.0357327461242676,0.0,0.0,0.0,0.8
1733470858463137,1.6267090521605575e-14,-2.9146308353384226e-15,-2.0056399376028883e-07,1.0302376747131348,0.0,0.0,0.0,0.8
1733470858517552,1.7923201635482284e-14,-3.211363217384166e-15,-2.0056399376028883e-07,1.038332462310791,0.0,0.0,0.0,0.8
1733470858603515,2.0530882386845802e-14,-3.67859235778955e-15,-2.0056399376028883e-07,1.0186303853988647,0.0,0.0,0.0,0.8
1733470858682687,2.2392108100389652e-14,-4.012076025592932e-15,-2.0056399376028883e-07,1.020491123199463,0.0,0.0,0.0,0.8
1733470858751255,2.447305272219057e-14,-4.38492767420009e-15,-2.0056399376028883e-07,1.0230193138122559,0.0,0.0,0.0,0.8
1733470858808936,2.7370264605849922e-14,-4.904033405337899e-15,-2.0056399376028883e-07,1.023093581199646,0.0,0.0,0.0,0.8
1733470858878072,2.9670469661777785e-14,-5.316170911134256e-15,-2.0056399376028883e-07,1.0188623666763306,0.0,0.0,0.0,0.8
1733470858940864,3.269836674494479e-14,-5.858692107970918e-15,-2.0056399376028883e-07,1.0217257738113403,0.0,0.0,0.0,0.8
1733470859010713,3.521174166738497e-14,-6.309024197145663e-15,-2.0056399376028883e-07,1.0249762535095215,0.0,0.0,0.0,0.8
1733470859081194,3.8767553500259394e-14,-6.946134168801339e-15,-2.0056399376028883e-07,1.0134248733520508,0.0,0.0,0.0,0.8
1733470859139897,4.1323889801564117e-14,-7.404163860561156e-15,-2.0056399376028883e-07,1.0294759273529053,0.0,0.0,0.0,0.8
1733470859194405,4.4055313571450924e-14,-7.893564733212841e-15,-2.0056399376028883e-07,1.017848253250122,0.0,0.0,0.0,0.8
1733470859253570,4.793124037679791e-14,-8.588031125271792e-15,-2.0056399376028883e-07,1.0358257293701172,0.0,0.0,0.0,0.8
1733470859305804,5.077245806652923e-14,-9.097104269472774e-15,-2.0056399376028883e-07,1.0281062126159668,0.0,0.0,0.0,0.8
1733470859356365,5.379858672099526e-14,-9.639308713615317e-15,-2.0056399376028883e-07,1.023021936416626,0.0,0.0,0.0,0.8
1733470859417149,5.733890970343888e-14,-1.0273643542751719e-14,-2.0056399376028883e-07,1.0137890577316284,0.0,0.0,0.0,0.8
1733470859478944,6.166078686820095e-14,-1.1048012711424106e-14,-2.0056399376028883e-07,1.0312303304672241,0.0,0.0,0.0,0.8
1733470859534567,6.512684898718071e-14,-1.1669041797073761e-14,-2.0056399376028883e-07,1.0205110311508179,0.0,0.0,0.0,0.8
1733470859585080,6.881152571773997e-14,-1.2329240947519902e-14,-2.0056399376028883e-07,1.0252376794815063,0.0,0.0,0.0,0.8
1733470859650538,7.356995185397981e-14,-1.318182826912788e-14,-2.0056399376028883e-07,1.0343457460403442,0.0,0.0,0.0,0.8
1733470859708605,7.725002786879357e-14,-1.3841202998339301e-14,-2.0056399376028883e-07,1.0242438316345215,0.0,0.0,0.0,0.8
1733470859768414,8.140825533359628e-14,-1.4586250096097247e-14,-2.0056399376028883e-07,1.0288186073303223,0.0,0.0,0.0,0.8
1733470859820984,8.660323044131387e-14,-1.551705557064083e-14,-2.0056399376028883e-07,1.0181745290756226,0.0,0.0,0.0,0.8
1733470859875351,9.061104942065022e-14,-1.623515325974822e-14,-2.0056399376028883e-07,1.0228238105773926,0.0,0.0,0.0,0.8
1733470859940706,9.610595570631566e-14,-1.7219698517936503e-14,-2.0056399376028883e-07,1.0279301404953003,0.0,0.0,0.0,0.8
1733470859979328,1.0048349791114351e-13,-1.8004040931695002e-14,-2.0056399376028883e-07,1.0227501392364502,0.0,0.0,0.0,0.8
1733470860042042,1.0628547473471122e-13,-1.9043605128367376e-14,-2.0056399376028883e-07,1.023917555809021,0.0,0.0,0.0,0.8
1733470860102812,1.1060008542235107e-13,-1.9816671723051094e-14,-2.0056399376028883e-07,1.035735011100769,0.0,0.0,0.0,0.8
1733470860159775,1.1515916502339744e-13,-2.0633540772629126e-14,-2.0056399376028883e-07,1.0335204601287842,0.0,0.0,0.0,0.8
1733470860244784,1.232920888154955e-13,-2.209075007482545e-14,-2.0056399376028883e-07,1.0334886312484741,0.0,0.0,0.0,0.8
1733470860296785,1.2828116027445246e-13,-2.2984662377330545e-14,-2.0056399376028883e-07,1.0365046262741089,0.0,0.0,0.0,0.8
1733470860343424,1.3304522413140474e-13,-2.3838259068900216e-14,-2.0056399376028883e-07,1.0329413414001465,0.0,0.0,0.0,0.8
1733470860393301,1.3807210416589948e-13,-2.4738945523635643e-14,-2.0056399376028883e-07,1.0303716659545898,0.0,0.0,0.0,0.8
1733470860463336,1.451042325567861e-13,-2.5998920318758877e-14,-2.0056399376028883e-07,1.0321141481399536,0.0,0.0,0.0,0.8
1733470860518264,1.5019118966704677e-13,-2.6910370845383602e-14,-2.0056399376028883e-07,1.0324416160583496,0.0,0.0,0.0,0.8
1733470860573907,1.575428710362076e-13,-2.822760098761304e-14,-2.0056399376028883e-07,1.0357422828674316,0.0,0.0,0.0,0.8
1733470860624142,1.6285585342378414e-13,-2.917954919877631e-14,-2.0056399376028883e-07,1.024412751197815,0.0,0.0,0.0,0.8
1733470860693805,1.6920411507621643e-13,-3.031699243163805e-14,-2.0056399376028883e-07,1.0300357341766357,0.0,0.0,0.0,0.8
1733470860746200,1.7510441356450994e-13,-3.1374172246588165e-14,-2.0056399376028883e-07,1.0242058038711548,0.0,0.0,0.0,0.8
1733470860799356,1.8287580828812158e-13,-3.276660366319926e-14,-2.0056399376028883e-07,1.0329468250274658,0.0,0.0,0.0,0.8
1733470860861412,1.8942153891735385e-13,-3.393942791891828e-14,-2.0056399376028883e-07,1.0302059650421143,0.0,0.0,0.0,0.8
1733470860915825,1.9527624283310604e-13,-3.49884381040937e-14,-2.0056399376028883e-07,1.0220707654953003,0.0,0.0,0.0,0.8
1733470860981772,2.0371809787692875e-13,-3.6500998094737966e-14,-2.0056399376028883e-07,1.023956298828125,0.0,0.0,0.0,0.8
1733470861051792,2.098055303646331e-13,-3.759170692071787e-14,-2.0056399376028883e-07,1.038711667060852,0.0,0.0,0.0,0.8
1733470861112521,2.1684989015562033e-13,-3.885387199340583e-14,-2.0056399376028883e-07,1.030777096748352,0.0,0.0,0.0,0.8
1733470861173266,2.2555588922450843e-13,-4.041375920666487e-14,-2.0056399376028883e-07,1.0404839515686035,0.0,0.0,0.0,0.8
1733470861234544,2.32205765373736e-13,-4.1605242879094233e-14,-2.0056399376028883e-07,1.0470046997070312,0.0,0.0,0.0,0.8
1733470861281615,2.3918570054638486e-13,-4.2855864380775655e-14,-2.0056399376028883e-07,1.0270326137542725,0.0,0.0,0.0,0.8
1733470861348388,2.4835486386684283e-13,-4.449873805159634e-14,-2.0056399376028883e-07,1.0392154455184937,0.0,0.0,0.0,0.8
1733470861410495,2.553521132047477e-13,-4.575246156719694e-14,-2.0056399376028883e-07,1.0388444662094116,0.0,0.0,0.0,0.8
1733470861471696,2.6484286420830623e-13,-4.74529550090563e-14,-2.0056399376028883e-07,1.0410627126693726,0.0,0.0,0.0,0.8
1733470861548729,2.7257152577608145e-13,-4.883772809081934e-14,-2.0056399376028883e-07,1.033893346786499,0.0,0.0,0.0,0.8
1733470861603874,2.79680818543613e-13,-5.011152640217699e-14,-2.0056399376028883e-07,1.0388025045394897,0.0,0.0,0.0,0.8
1733470861666136,2.8990255158938813e-13,-5.194299191543517e-14,-2.0056399376028883e-07,1.0169732570648193,0.0,0.0,0.0,0.8
1733470861720001,2.9750852846475416e-13,-5.330578259163993e-14,-2.0056399376028883e-07,1.0293008089065552,0.0,0.0,0.0,0.8
1733470861779059,3.0548048582931494e-13,-5.473414717152181e-14,-2.0056399376028883e-07,1.0453269481658936,0.0,0.0,0.0,0.8
1733470861838377,3.1619958241753965e-13,-5.6654726428740694e-14,-2.0056399376028883e-07,1.0351653099060059,0.0,0.0,0.0,0.8
1733470861900916,3.2390209597649587e-13,-5.803481344284245e-14,-2.0056399376028883e-07,1.0392194986343384,0.0,0.0,0.0,0.8
1733470861961590,3.3197556382877127e-13,-5.948136552659263e-14,-2.0056399376028883e-07,1.0269055366516113,0.0,0.0,0.0,0.8
1733470862024355,3.4291039666147323e-13,-6.144059830841213e-14,-2.0056399376028883e-07,1.0336648225784302,0.0,0.0,0.0,0.8
1733470862089581,3.520790868946605e-13,-6.308338479218723e-14,-2.0056399376028883e-07,1.0386027097702026,0.0,0.0,0.0,0.8
1733470862151919,3.608135381357479e-13,-6.464836693386863e-14,-2.0056399376028883e-07,1.0374788045883179,0.0,0.0,0.0,0.8
1733470862207662,3.722576321458892e-13,-6.669884493386969e-14,-2.0056399376028883e-07,1.03515625,0.0,0.0,0.0,0.8
1733470862269621,3.809692421333777e-13,-6.825973407788262e-14,-2.0056399376028883e-07,1.0338610410690308,0.0,0.0,0.0,0.8
1733470862332654,3.8979102881790824e-13,-6.9840363773906e-14,-2.0056399376028883e-07,1.0345072746276855,0.0,0.0,0.0,0.8
1733470862391447,4.02326627027282e-13,-7.208640947571624e-14,-2.0056399376028883e-07,1.0369256734848022,0.0,0.0,0.0,0.8
1733470862446808,4.1171760896418827e-13,-7.37690233734331e-14,-2.0056399376028883e-07,1.0345878601074219,0.0,0.0,0.0,0.8
1733470862503420,4.240088393560314e-13,-7.597128428444765e-14,-2.0056399376028883e-07,1.038690209388733,0.0,0.0,0.0,0.8
1733470862556909,4.3366938353436307e-13,-7.77021961195551e-14,-2.0056399376028883e-07,1.0418399572372437,0.0,0.0,0.0,0.8
1733470862617562,4.431325256327431e-13,-7.939773854862818e-14,-2.0056399376028883e-07,1.0356731414794922,0.0,0.0,0.0,0.8
1733470862688027,4.559260624880247e-13,-8.168999845308923e-14,-2.0056399376028883e-07,1.0366662740707397,0.0,0.0,0.0,0.8
1733470862749034,4.692482030092468e-13,-8.407696959329739e-14,-2.0056399376028883e-07,1.02912175655365,0.0,0.0,0.0,0.8
1733470862912770,4.965265118314614e-13,-8.89645114487921e-14,-2.0056399376028883e-07,1.036154866218567,0.0,0.0,0.0,0.8
1733470862919549,4.965265118314614e-13,-8.89645114487921e-14,-2.0056399376028883e-07,1.0308606624603271,0.0,0.0,0.0,0.8
1733470862942412,5.002501051544003e-13,-8.96316794535303e-14,-2.0056399376028883e-07,1.0347325801849365,0.0,0.0,0.0,0.8
1733470863008072,5.139186833238205e-13,-9.20807216388848e-14,-2.0056399376028883e-07,1.0260483026504517,0.0,0.0,0.0,0.8
1733470863065359,5.24650191026703e-13,-9.400351940439137e-14,-2.0056399376028883e-07,1.0290650129318237,0.0,0.0,0.0,0.8
1733470863147442,5.386758262840764e-13,-9.651653596873113e-14,-2.0056399376028883e-07,1.035188913345337,0.0,0.0,0.0,0.8
1733470863203218,5.493270632701875e-13,-9.842495089125868e-14,-2.0056399376028883e-07,1.036848783493042,0.0,0.0,0.0,0.8
1733470863255208,5.564907500909672e-13,-9.970849060116881e-14,-2.0056399376028883e-07,1.0362701416015625,0.0,0.0,0.0,0.8
1733470863327220,5.713360930872762e-13,-1.0236837584249173e-13,-2.0056399376028883e-07,1.0388474464416504,0.0,0.0,0.0,0.8
1733470863394944,5.860303149580921e-13,-1.0500118373819766e-13,-2.0056399376028883e-07,1.0433815717697144,0.0,0.0,0.0,0.8
1733470863450779,5.971877959689434e-13,-1.0700030281427061e-13,-2.0056399376028883e-07,1.0286184549331665,0.0,0.0,0.0,0.8
1733470863512700,6.122468567937319e-13,-1.0969847912142598e-13,-2.0056399376028883e-07,1.0360181331634521,0.0,0.0,0.0,0.8
1733470863573215,6.240610236718163e-13,-1.118152578797575e-13,-2.0056399376028883e-07,1.0369116067886353,0.0,0.0,0.0,0.8
1733470863637273,6.398785343720705e-13,-1.146493269867941e-13,-2.0056399376028883e-07,1.0464179515838623,0.0,0.0,0.0,0.8
1733470863683664,6.511987838662361e-13,-1.1667760850189763e-13,-2.0056399376028883e-07,1.046565055847168,0.0,0.0,0.0,0.8
1733470863748756,6.630247019606153e-13,-1.187964918460918e-13,-2.0056399376028883e-07,1.0473113059997559,0.0,0.0,0.0,0.8
1733470863809889,6.793786512655501e-13,-1.2172667493051943e-13,-2.0056399376028883e-07,1.0396888256072998,0.0,0.0,0.0,0.8
1733470863865028,6.918931221415268e-13,-1.2396892745770606e-13,-2.0056399376028883e-07,1.0505698919296265,0.0,0.0,0.0,0.8
1733470863918336,7.037166205677569e-13,-1.260873762138374e-13,-2.0056399376028883e-07,1.0355886220932007,0.0,0.0,0.0,0.8
1733470863987033,7.222862184231912e-13,-1.2941454157225821e-13,-2.0056399376028883e-07,1.0356223583221436,0.0,0.0,0.0,0.8
1733470864041182,7.390200008529634e-13,-1.3241277828157831e-13,-2.0056399376028883e-07,1.0343093872070312,0.0,0.0,0.0,0.8
1733470864081645,7.474671767354758e-13,-1.339262812447291e-13,-2.0056399376028883e-07,1.0385758876800537,0.0,0.0,0.0,0.8
1733470864155350,7.649512139227379e-13,-1.370589422407177e-13,-2.0056399376028883e-07,1.0336390733718872,0.0,0.0,0.0,0.8
1733470864205021,7.783201812778189e-13,-1.3945429495094092e-13,-2.0056399376028883e-07,1.0472458600997925,0.0,0.0,0.0,0.8
1733470864262869,7.913803257395759e-13,-1.4179431474684725e-13,-2.0056399376028883e-07,1.044297695159912,0.0,0.0,0.0,0.8
1733470864317618,8.085385519070124e-13,-1.4486859796606596e-13,-2.0056399376028883e-07,1.0375378131866455,0.0,0.0,0.0,0.8
1733470864374384,8.218765198949139e-13,-1.4725839540559246e-13,-2.0056399376028883e-07,1.0390197038650513,0.0,0.0,0.0,0.8
1733470864418894,8.362409578920344e-13,-1.498321076597093e-13,-2.0056399376028883e-07,1.0514264106750488,0.0,0.0,0.0,0.8
1733470864499110,8.543962742567017e-13,-1.530850404636453e-13,-2.0056399376028883e-07,1.0419834852218628,0.0,0.0,0.0,0.8
1733470864561242,8.686193150223244e-13,-1.5563341729722494e-13,-2.0056399376028883e-07,1.0513713359832764,0.0,0.0,0.0,0.8
1733470864620900,8.86702182160722e-13,-1.5887336805957254e-13,-2.0056399376028883e-07,1.035804271697998,0.0,0.0,0.0,0.8
1733470864682112,9.026388949198243e-13,-1.6172878668258697e-13,-2.0056399376028883e-07,1.0332918167114258,0.0,0.0,0.0,0.8
1733470864747726,9.163587018254537e-13,-1.6418699666070712e-13,-2.0056399376028883e-07,1.031826138496399,0.0,0.0,0.0,0.8
1733470864798873,9.354740185848476e-13,-1.6761193224598123e-13,-2.0056399376028883e-07,1.0331090688705444,0.0,0.0,0.0,0.8
1733470864856687,9.45114913992989e-13,-1.6933931357457244e-13,-2.0056399376028883e-07,1.043639898300171,0.0,0.0,0.0,0.8
1733470864924478,9.45114913992989e-13,-1.6933931357457244e-13,-2.0056399376028883e-07,1.040541410446167,0.0,0.0,0.0,0.8
1733470865000156,9.852335357070538e-13,-1.765274571581146e-13,-2.0056399376028883e-07,1.04392409324646,0.0,0.0,0.0,0.8
1733470865055210,1.0016485458626943e-12,-1.794685705599552e-13,-2.0056399376028883e-07,1.0345743894577026,0.0,0.0,0.0,0.8
1733470865109070,1.022258582513264e-12,-1.8316131540206453e-13,-2.0056399376028883e-07,1.0404963493347168,0.0,0.0,0.0,0.8
1733470865158797,1.0344338653205707e-12,-1.8534278681690249e-13,-2.0056399376028883e-07,1.0447638034820557,0.0,0.0,0.0,0.8
1733470865214452,1.0554227115949658e-12,-1.891034026421562e-13,-2.0056399376028883e-07,1.0350961685180664,0.0,0.0,0.0,0.8
1733470865263902,1.0709317856979468e-12,-1.9188219568391736e-13,-2.0056399376028883e-07,1.0378613471984863,0.0,0.0,0.0,0.8
1733470865323862,1.0918095505957384e-12,-1.9562290762317696e-13,-2.0056399376028883e-07,1.0532101392745972,0.0,0.0,0.0,0.8
1733470865386684,1.1081462461555114e-12,-1.9854998639934904e-13,-2.0056399376028883e-07,1.0441477298736572,0.0,0.0,0.0,0.8
1733470865446221,1.1288928875915364e-12,-2.0226720353005416e-13,-2.0056399376028883e-07,1.045041561126709,0.0,0.0,0.0,0.8
1733470865488905,1.3066546130355727e-12,-2.3411738507008033e-13,-2.0056399376028883e-07,1.0433672666549683,0.0,0.0,0.0,0.8
1733470865552598,1.890964714495418e-12,-3.388102991477362e-13,-2.0056399376028883e-07,1.037781834602356,0.0,0.0,0.0,0.8
1733470865604326,3.1545511504673893e-12,-5.652115903513139e-13,-2.0056399376028883e-07,1.0425745248794556,0.0,0.0,0.0,0.8
1733470865661886,4.5387902993453666e-12,-8.132306697151599e-13,-2.0056399376028883e-07,1.049911618232727,0.0,0.0,0.0,0.8
1733470865719675,6.3457717005154625e-12,-1.1369939975194052e-12,-2.0056399376028883e-07,1.0513851642608643,0.0,0.0,0.0,0.8
1733470865785158,9.245279341916677e-12,-1.6565091702097637e-12,-2.0056399376028883e-07,1.047765851020813,0.0,0.0,0.0,0.8
1733470865846753,1.1938012419486733e-11,-2.138975802951879e-12,-2.0056399376028883e-07,1.0436984300613403,0.0,0.0,0.0,0.8
1733470865903254,1.491486813681212e-11,-2.672349706237095e-12,-2.0056399376028883e-07,1.0347092151641846,0.0,0.0,0.0,0.8
1733470865964556,1.9573367303794716e-11,-3.5070296897484325e-12,-2.0056399376028883e-07,1.0562149286270142,0.0,0.0,0.0,0.8
1733470866020742,2.34138274405902e-11,-4.195138689162739e-12,-2.0056399376028883e-07,1.0431787967681885,0.0,0.0,0.0,0.8
1733470866071264,2.8207476444631415e-11,-5.0540339516860165e-12,-2.0056399376028883e-07,1.0406204462051392,0.0,0.0,0.0,0.8
1733470866125733,2.985871128796925e-11,-5.349891613034356e-12,-2.0056399376028883e-07,1.0510008335113525,0.0,0.0,0.0,0.8
1733470866194301,4.008320032873171e-11,-7.181849935936734e-12,-2.0056399376028883e-07,1.0405281782150269,0.0,0.0,0.0,0.8
1733470866240153,4.577989826257123e-11,-8.202547708218946e-12,-2.0056399376028883e-07,1.0411045551300049,0.0,0.0,0.0,0.8
1733470866306610,5.350014842725283e-11,-9.585812580794833e-12,-2.0056399376028883e-07,1.0510163307189941,0.0,0.0,0.0,0.8
1733470866377168,6.007761284184547e-11,-1.0764320436439012e-11,-2.0056399376028883e-07,1.052054524421692,0.0,0.0,0.0,0.8
1733470866444234,6.962135036267254e-11,-1.2474306059025714e-11,-2.0056399376028883e-07,1.055598258972168,0.0,0.0,0.0,0.8
1733470866490004,7.688468690690506e-11,-1.3775704067196091e-11,-2.0056399376028883e-07,1.0488533973693848,0.0,0.0,0.0,0.8
1733470866562301,8.71477778928248e-11,-1.5614578808508275e-11,-2.0056399376028886e-07,1.0377740859985352,0.0,0.0,0.0,0.8
1733470866607819,9.527907782747185e-11,-1.7071492912306177e-11,-2.0056399376028886e-07,1.046941876411438,0.0,0.0,0.0,0.8
1733470866674351,1.0407221127691046e-10,-1.864699009023821e-11,-2.0056399376028886e-07,1.0446070432662964,0.0,0.0,0.0,0.8
1733470866730011,1.1326254130643874e-10,-2.029365439574075e-11,-2.0056399376028886e-07,1.0471818447113037,0.0,0.0,0.0,0.8
1733470866785964,1.2570794024540076e-10,-2.2523541034630723e-11,-2.0056399376028886e-07,1.0327740907669067,0.0,0.0,0.0,0.8
1733470866848541,1.3580797857126355e-10,-2.433320101940764e-11,-2.0056399376028886e-07,1.038000464439392,0.0,0.0,0.0,0.8
1733470866903829,1.4561598635443594e-10,-2.6090536843862147e-11,-2.0056399376028886e-07,1.056013822555542,0.0,0.0,0.0,0.8
1733470866955031,1.600755884336354e-10,-2.8681315444930675e-11,-2.0056399376028888e-07,1.0481466054916382,0.0,0.0,0.0,0.8
1733470867016578,1.7485208904971072e-10,-3.1328873883506015e-11,-2.0056399376028888e-07,1.0489286184310913,0.0,0.0,0.0,0.8
1733470867074427,1.8675873117533632e-10,-3.3462229513039085e-11,-2.0056399376028888e-07,1.0520446300506592,0.0,0.0,0.0,0.8
1733470867145247,1.986594721197837e-10,-3.559452780356226e-11,-2.005639937602889e-07,1.051872730255127,0.0,0.0,0.0,0.8
1733470867197667,2.1553270949183387e-10,-3.8617766040719356e-11,-2.005639937602889e-07,1.046756625175476,0.0,0.0,0.0,0.8
1733470867253274,2.2832913644384138e-10,-4.091054757482625e-11,-2.005639937602889e-07,1.0527703762054443,0.0,0.0,0.0,0.8
1733470867319169,2.459828020384125e-10,-4.4073617895201274e-11,-2.0056399376028893e-07,1.0460090637207031,0.0,0.0,0.0,0.8
1733470867379866,2.5966687347826166e-10,-4.652544184165689e-11,-2.0056399376028893e-07,1.0359960794448853,0.0,0.0,0.0,0.8
1733470867438016,2.7373136398432863e-10,-4.904542682197626e-11,-2.0056399376028896e-07,1.0518381595611572,0.0,0.0,0.0,0.8
1733470867500077,2.930757809843124e-10,-5.2511435070634584e-11,-2.00563993760289e-07,1.0588897466659546,0.0,0.0,0.0,0.8
1733470867561483,3.0853287213971403e-10,-5.528093726086371e-11,-2.00563993760289e-07,1.0436245203018188,0.0,0.0,0.0,0.8
1733470867614040,3.249146484930023e-10,-5.821611858935023e-11,-2.0056399376028901e-07,1.0635147094726562,0.0,0.0,0.0,0.8
1733470867694884,3.4707258687769597e-10,-6.218623546812681e-11,-2.0056399376028904e-07,1.0541911125183105,0.0,0.0,0.0,0.8
1733470867749772,3.6280728100737544e-10,-6.500547674728629e-11,-2.0056399376028904e-07,1.0486643314361572,0.0,0.0,0.0,0.8
1733470867805196,3.80586773662271e-10,-6.819109186089823e-11,-2.0056399376028907e-07,1.0411678552627563,0.0,0.0,0.0,0.8
1733470867871431,4.0343147692738865e-10,-7.228425880423237e-11,-2.005639937602891e-07,1.0416944026947021,0.0,0.0,0.0,0.8
1733470867923621,4.216102062355435e-10,-7.554140653981402e-11,-2.0056399376028912e-07,1.057191252708435,0.0,0.0,0.0,0.8
1733470867967968,4.3959669767331707e-10,-7.876411031787842e-11,-2.0056399376028915e-07,1.0684990882873535,0.0,0.0,0.0,0.8
1733470868046467,4.6480525066145374e-10,-8.328081658449354e-11,-2.0056399376028917e-07,1.055627465248108,0.0,0.0,0.0,0.8
1733470868088585,4.83709324572173e-10,-8.666792685513415e-11,-2.005639937602892e-07,1.0496927499771118,0.0,0.0,0.0,0.8
1733470868159805,5.030011093869536e-10,-9.012450465784924e-11,-2.0056399376028925e-07,1.0582733154296875,0.0,0.0,0.0,0.8
1733470868218971,5.293265949907568e-10,-9.484133566691856e-11,-2.0056399376028928e-07,1.0518826246261597,0.0,0.0,0.0,0.8
1733470868262952,5.502029306113929e-10,-9.858182305344503e-11,-2.005639937602893e-07,1.0464855432510376,0.0,0.0,0.0,0.8
1733470868322386,5.714932553195879e-10,-1.0239648632699764e-10,-2.0056399376028936e-07,1.0432441234588623,0.0,0.0,0.0,0.8
1733470868393447,6.002914056090731e-10,-1.0755635341690233e-10,-2.005639937602894e-07,1.0547311305999756,0.0,0.0,0.0,0.8
1733470868442115,6.218322746731427e-10,-1.1141590757662132e-10,-2.0056399376028946e-07,1.0580018758773804,0.0,0.0,0.0,0.8
1733470868501141,6.437700165050907e-10,-1.1534657082384544e-10,-2.005639937602895e-07,1.0484670400619507,0.0,0.0,0.0,0.8
1733470868577679,6.751496013198533e-10,-1.2096896263696785e-10,-2.0056399376028954e-07,1.0568302869796753,0.0,0.0,0.0,0.8
1733470868642895,7.057581105680786e-10,-1.26453198066062e-10,-2.0056399376028962e-07,1.0623639822006226,0.0,0.0,0.0,0.8
1733470868691861,7.291775107334387e-10,-1.3064933523997197e-10,-2.0056399376028968e-07,1.054229497909546,0.0,0.0,0.0,0.8
1733470868749343,7.537944944621208e-10,-1.3506004769994121e-10,-2.0056399376028973e-07,1.0537903308868408,0.0,0.0,0.0,0.8
1733470868812437,7.780208692555002e-10,-1.3940077335177823e-10,-2.0056399376028978e-07,1.0528299808502197,0.0,0.0,0.0,0.8
1733470868865831,8.126048083218973e-10,-1.4559730056855552e-10,-2.005639937602899e-07,1.0461866855621338,0.0,0.0,0.0,0.8
1733470868925076,8.369421347494648e-10,-1.4995790577724366e-10,-2.0056399376028994e-07,1.0602017641067505,0.0,0.0,0.0,0.8
1733470869000686,8.633735401922173e-10,-1.5469371453878996e-10,-2.0056399376029e-07,1.0572469234466553,0.0,0.0,0.0,0.8
1733470869056760,8.989908706592101e-10,-1.6107539806955924e-10,-2.005639937602901e-07,1.0637280941009521,0.0,0.0,0.0,0.8
1733470869122024,9.264198186055684e-10,-1.6598994001307869e-10,-2.0056399376029018e-07,1.052733063697815,0.0,0.0,0.0,0.8
1733470869177435,9.615372609670363e-10,-1.7228205675626688e-10,-2.0056399376029028e-07,1.0524852275848389,0.0,0.0,0.0,0.8
1733470869244237,9.890132482807244e-10,-1.7720502686487628e-10,-2.005639937602904e-07,1.0618425607681274,0.0,0.0,0.0,0.8
1733470869285817,1.0197014156127428e-09,-1.8270353463966072e-10,-2.0056399376029047e-07,1.052866816520691,0.0,0.0,0.0,0.8
1733470869343537,1.057551718914855e-09,-1.894853076861472e-10,-2.005639937602906e-07,1.0488017797470093,0.0,0.0,0.0,0.8
1733470869408409,1.086413838955597e-09,-1.9465663604254896e-10,-2.0056399376029068e-07,1.0527842044830322,0.0,0.0,0.0,0.8
1733470869463031,1.1245498703813545e-09,-2.0148960393533453e-10,-2.0056399376029081e-07,1.0482993125915527,0.0,0.0,0.0,0.8
1733470869514978,1.154358567918701e-09,-2.0683053387552595e-10,-2.0056399376029092e-07,1.0551460981369019,0.0,0.0,0.0,0.8
1733470869574278,1.1845788208893542e-09,-2.1224520363475642e-10,-2.0056399376029105e-07,1.0656182765960693,0.0,0.0,0.0,0.8
1733470869648368,1.2265454098749993e-09,-2.1976450597971728e-10,-2.0056399376029118e-07,1.06221604347229,0.0,0.0,0.0,0.8
1733470869697373,1.2598339282862936e-09,-2.2572892765963633e-10,-2.0056399376029132e-07,1.052089810371399,0.0,0.0,0.0,0.8
1733470869748271,1.2914671882446324e-09,-2.313967707975673e-10,-2.0056399376029145e-07,1.0646708011627197,0.0,0.0,0.0,0.8
1733470869801678,1.334285065529782e-09,-2.3906860136664703e-10,-2.005639937602916e-07,1.0542083978652954,0.0,0.0,0.0,0.8
1733470869865799,1.3668788959523594e-09,-2.44908553256819e-10,-2.0056399376029177e-07,1.0608385801315308,0.0,0.0,0.0,0.8
1733470869939219,1.4109858589366075e-09,-2.5281135378821914e-10,-2.0056399376029195e-07,1.0663927793502808,0.0,0.0,0.0,0.8
1733470869981112,1.4479340844998538e-09,-2.594314979806981e-10,-2.005639937602921e-07,1.0542497634887695,0.0,0.0,0.0,0.8
1733470870049779,1.4831042119197335e-09,-2.657330540104457e-10,-2.0056399376029227e-07,1.0731027126312256,0.0,0.0,0.0,0.8
1733470870108101,1.5291451901643936e-09,-2.739823787568286e-10,-2.0056399376029248e-07,1.060478925704956,0.0,0.0,0.0,0.8
1733470870159847,1.562990039360051e-09,-2.800464799376413e-10,-2.0056399376029267e-07,1.0603008270263672,0.0,0.0,0.0,0.8
1733470870245409,1.6115067960234576e-09,-2.88739398560038e-10,-2.005639937602929e-07,1.0601998567581177,0.0,0.0,0.0,0.8
1733470870293402,1.646295407473595e-09,-2.9497259689383513e-10,-2.005639937602931e-07,1.0658601522445679,0.0,0.0,0.0,0.8
1733470870361567,1.6949212714989971e-09,-3.0368506458139703e-10,-2.0056399376029336e-07,1.064914584159851,0.0,0.0,0.0,0.8
1733470870414607,1.7318788224082972e-09,-3.103068793917155e-10,-2.0056399376029354e-07,1.0547449588775635,0.0,0.0,0.0,0.8
1733470870464266,1.7705080787343796e-09,-3.172282195322113e-10,-2.0056399376029375e-07,1.062711238861084,0.0,0.0,0.0,0.8
1733470870551497,1.8210231223588625e-09,-3.26279178063556e-10,-2.0056399376029402e-07,1.0679072141647339,0.0,0.0,0.0,0.8
1733470870584355,1.864558762315996e-09,-3.3407961217406507e-10,-2.0056399376029426e-07,1.0578416585922241,0.0,0.0,0.0,0.8
1733470870650995,1.9047318273428068e-09,-3.412775618392569e-10,-2.005639937602945e-07,1.0569432973861694,0.0,0.0,0.0,0.8
1733470870708180,1.942726541184095e-09,-3.4808520861073605e-10,-2.0056399376029473e-07,1.0618754625320435,0.0,0.0,0.0,0.8
1733470870764587,1.9957888752832145e-09,-3.5759257394933173e-10,-2.0056399376029508e-07,1.0608552694320679,0.0,0.0,0.0,0.8
1733470870834276,2.0509669050171137e-09,-3.674790158660639e-10,-2.0056399376029542e-07,1.0541819334030151,0.0,0.0,0.0,0.8
1733470870903175,2.0945877655295256e-09,-3.752947190274379e-10,-2.0056399376029568e-07,1.0555095672607422,0.0,0.0,0.0,0.8
1733470870957634,2.1345395208212906e-09,-3.8245301565568177e-10,-2.0056399376029598e-07,1.0656143426895142,0.0,0.0,0.0,0.8
1733470871015984,2.176289510920025e-09,-3.8993350831220335e-10,-2.0056399376029627e-07,1.0745019912719727,0.0,0.0,0.0,0.8
1733470871073984,2.2326226086736336e-09,-4.0002690763823174e-10,-2.0056399376029664e-07,1.0600296258926392,0.0,0.0,0.0,0.8
1733470871143728,2.2768127106347155e-09,-4.0794460363588356e-10,-2.0056399376029696e-07,1.0656745433807373,0.0,0.0,0.0,0.8
1733470871199173,2.334522012806915e-09,-4.1828458222077383e-10,-2.0056399376029738e-07,1.0659078359603882,0.0,0.0,0.0,0.8
1733470871264755,2.3783140644778547e-09,-4.261309580503277e-10,-2.0056399376029767e-07,1.0638295412063599,0.0,0.0,0.0,0.8
1733470871321066,2.4255074857282445e-09,-4.3458676917876473e-10,-2.0056399376029804e-07,1.054063081741333,0.0,0.0,0.0,0.8
1733470871388665,2.4836970382536894e-09,-4.450127957276729e-10,-2.005639937602985e-07,1.0645283460617065,0.0,0.0,0.0,0.8
1733470871456938,2.5304773654531588e-09,-4.5339459124589416e-10,-2.0056399376029886e-07,1.0665268898010254,0.0,0.0,0.0,0.8
1733470871516779,2.57619585829001e-09,-4.6158613412953525e-10,-2.0056399376029923e-07,1.0659945011138916,0.0,0.0,0.0,0.8
1733470871578468,2.6378412276741455e-09,-4.726313513371797e-10,-2.005639937602997e-07,1.0550260543823242,0.0,0.0,0.0,0.8
1733470871638028,2.6845907889134968e-09,-4.81007634265005e-10,-2.0056399376030013e-07,1.0686240196228027,0.0,0.0,0.0,0.8
1733470871702310,2.7491964845405334e-09,-4.925832633779428e-10,-2.0056399376030066e-07,1.054218053817749,0.0,0.0,0.0,0.8
1733470871765553,2.7969918437309917e-09,-5.011469254934408e-10,-2.0056399376030106e-07,1.057500958442688,0.0,0.0,0.0,0.8
1733470871826750,2.8452290893796646e-09,-5.097897619135891e-10,-2.0056399376030148e-07,1.0634233951568604,0.0,0.0,0.0,0.8
1733470871880277,2.8988004384524417e-09,-5.193883282976236e-10,-2.0056399376030196e-07,1.0713469982147217,0.0,0.0,0.0,0.8
1733470871944135,2.967755456756033e-09,-5.317432405468058e-10,-2.0056399376030262e-07,1.0660980939865112,0.0,0.0,0.0,0.8
1733470871997070,3.0158727241182154e-09,-5.403645798976638e-10,-2.0056399376030307e-07,1.0636661052703857,0.0,0.0,0.0,0.8
1733470872056500,3.0660837292802446e-09,-5.493610615452507e-10,-2.0056399376030352e-07,1.0692847967147827,0.0,0.0,0.0,0.8
1733470872124017,3.1354200649349423e-09,-5.617842955751958e-10,-2.005639937603042e-07,1.0593565702438354,0.0,0.0,0.0,0.8
1733470872193377,3.1844883304444494e-09,-5.705760284201557e-10,-2.0056399376030468e-07,1.0720735788345337,0.0,0.0,0.0,0.8
1733470872257097,3.2504186745911064e-09,-5.823889984201313e-10,-2.0056399376030535e-07,1.0696722269058228,0.0,0.0,0.0,0.8
1733470872291994,3.295891824729232e-09,-5.905365811293365e-10,-2.0056399376030582e-07,1.0571337938308716,0.0,0.0,0.0,0.8
1733470872345547,3.3390253423959747e-09,-5.982649633798291e-10,-2.0056399376030627e-07,1.0774441957473755,0.0,0.0,0.0,0.8
1733470872400230,3.3928972709961473e-09,-6.079173834447113e-10,-2.0056399376030685e-07,1.064740538597107,0.0,0.0,0.0,0.8
1733470872460692,3.430571646229666e-09,-6.146676312915417e-10,-2.0056399376030725e-07,1.0706346035003662,0.0,0.0,0.0,0.8
1733470872519673,3.4771647182522058e-09,-6.23015872151541e-10,-2.0056399376030775e-07,1.059620976448059,0.0,0.0,0.0,0.8
1733470872573990,3.5104134984754995e-09,-6.289731698126927e-10,-2.005639937603081e-07,1.0680253505706787,0.0,0.0,0.0,0.8
1733470872637271,3.5496237302550118e-09,-6.359986003363108e-10,-2.0056399376030852e-07,1.0711414813995361,0.0,0.0,0.0,0.8
1733470872691097,3.5754502568644693e-09,-6.40626026289332e-10,-2.0056399376030884e-07,1.0599000453948975,0.0,0.0,0.0,0.8
1733470872749173,3.6006403030196693e-09,-6.451394112593634e-10,-2.005639937603091e-07,1.0727527141571045,0.0,0.0,0.0,0.8
1733470872806991,3.626826090544316e-09,-6.498312048338644e-10,-2.005639937603094e-07,1.0597013235092163,0.0,0.0,0.0,0.8
1733470872860703,3.640373199481974e-09,-6.522584828260208e-10,-2.0056399376030955e-07,1.0590226650238037,0.0,0.0,0.0,0.8
1733470872922770,3.6488859691195926e-09,-6.537837398208349e-10,-2.0056399376030966e-07,1.07317316532135,0.0,0.0,0.0,0.8
1733470872976036,3.651631169890391e-09,-6.542755986882624e-10,-2.005639937603097e-07,1.063219428062439,0.0,0.0,0.0,0.8
1733470873049974,3.6475978387626615e-09,-6.535529256501133e-10,-2.0056399376030963e-07,1.071459412574768,0.0,0.0,0.0,0.8
1733470873091384,3.634097088317918e-09,-6.51133938680955e-10,-2.0056399376030948e-07,1.0685955286026,0.0,0.0,0.0,0.8
1733470873145614,3.6153223766437624e-09,-6.477699983063046e-10,-2.0056399376030926e-07,1.0741041898727417,0.0,0.0,0.0,0.8
1733470873214729,3.592358615801272e-09,-6.436554914927341e-10,-2.0056399376030903e-07,1.0591460466384888,0.0,0.0,0.0,0.8
1733470873283102,3.554240927957376e-09,-6.368257990549314e-10,-2.005639937603086e-07,1.0658575296401978,0.0,0.0,0.0,0.8
1733470873343004,3.5109137855471275e-09,-6.290627111676967e-10,-2.005639937603081e-07,1.069318413734436,0.0,0.0,0.0,0.8
1733470873401267,3.4463312209569244e-09,-6.174912112102498e-10,-2.005639937603074e-07,1.0618325471878052,0.0,0.0,0.0,0.8
1733470873457523,3.386790514918259e-09,-6.068230812576951e-10,-2.0056399376030678e-07,1.0711902379989624,0.0,0.0,0.0,0.8
1733470873522656,3.294063260219298e-09,-5.902087953356533e-10,-2.005639937603058e-07,1.0650475025177002,0.0,0.0,0.0,0.8
1733470873577505,3.5246057035310514e-09,-6.315158909711641e-10,-2.0056399376030828e-07,1.06277334690094,0.0,0.0,0.0,0.8
1733470873629479,5.43230156208329e-09,-9.733245118440355e-10,-2.0056399376033497e-07,1.0795412063598633,0.0,0.0,0.0,0.8
1733470873677409,1.0414506873835602e-08,-1.8660038932219795e-09,-2.0056399376045845e-07,1.0704089403152466,0.0,0.0,0.0,0.8
1733470873737430,1.6045233609726298e-08,-2.8748811622771034e-09,-2.0056399376069138e-07,1.0613447427749634,0.0,0.0,0.0,0.8
1733470873793181,2.3308118258712758e-08,-4.17619795350065e-09,-2.0056399376113827e-07,1.0652709007263184,0.0,0.0,0.0,0.8
1733470873854506,3.660639142300611e-08,-6.558896705472685e-09,-2.0056399376238407e-07,1.0703768730163574,0.0,0.0,0.0,0.8
1733470873894591,4.7900587469317574e-08,-8.582517856666747e-09,-2.005639937638764e-07,1.0751988887786865,0.0,0.0,0.0,0.8
1733470873948637,6.08520419112186e-08,-1.0903075871999393e-08,-2.0056399376607875e-07,1.0721381902694702,0.0,0.0,0.0,0.8
1733470874025489,8.12325180871284e-08,-1.4554718054902574e-08,-2.005639937706065e-07,1.0705382823944092,0.0,0.0,0.0,0.8
1733470874077942,9.810615073192464e-08,-1.7578026648696532e-08,-2.0056399377533806e-07,1.0661669969558716,0.0,0.0,0.0,0.8
1733470874145716,1.2318228509590337e-07,-2.2071006562415175e-08,-2.0056399378401446e-07,1.071363091468811,0.0,0.0,0.0,0.8
1733470874177450,1.439228539970752e-07,-2.578716783919918e-08,-2.005639937926766e-07,1.0570148229599,0.0,0.0,0.0,0.8
1733470874255726,1.670958172094305e-07,-2.99391498308127e-08,-2.005639938039457e-07,1.068108081817627,0.0,0.0,0.0,0.8
1733470874297215,1.920383641086319e-07,-3.4408194407356423e-08,-2.0056399381795184e-07,1.0766273736953735,0.0,0.0,0.0,0.8
1733470874369818,2.2683708106006926e-07,-4.064320392402148e-08,-2.0056399384074317e-07,1.0593796968460083,0.0,0.0,0.0,0.8
1733470874416201,2.548695869018352e-07,-4.5665887403015306e-08,-2.0056399386185695e-07,1.0821032524108887,0.0,0.0,0.0,0.8
1733470874471775,2.9484441550377267e-07,-5.282831920113458e-08,-2.0056399389621626e-07,1.0873082876205444,0.0,0.0,0.0,0.8
1733470874538198,3.290277606834646e-07,-5.8953070378203726e-08,-2.0056399392956132e-07,1.0750062465667725,0.0,0.0,0.0,0.8
1733470874586145,3.628613877523219e-07,-6.501516132222403e-08,-2.0056399396616344e-07,1.0774224996566772,0.0,0.0,0.0,0.8
1733470874648266,4.106626080893515e-07,-7.357987548599861e-08,-2.005639940239776e-07,1.0738911628723145,0.0,0.0,0.0,0.8
1733470874703858,4.4853081152603857e-07,-8.036485578764021e-08,-2.0056399407485053e-07,1.0777984857559204,0.0,0.0,0.0,0.8
1733470874768787,5.030803685577856e-07,-9.013869337132078e-08,-2.0056399415601614e-07,1.0613973140716553,0.0,0.0,0.0,0.8
1733470874807337,5.154869376041648e-07,-9.236162234525363e-08,-2.0056399417577503e-07,1.0670689344406128,0.0,0.0,0.0,0.8
1733470874862521,5.294545308723372e-07,-9.486424556500794e-08,-2.0056399419859603e-07,1.0850645303726196,0.0,0.0,0.0,0.8
1733470874938953,6.481677817074166e-07,-1.1613451971870264e-07,-2.0056399441718413e-07,1.068664312362671,0.0,0.0,0.0,0.8
1733470874982500,6.959382954663499e-07,-1.2469373208293072e-07,-2.0056399451757975e-07,1.0752580165863037,0.0,0.0,0.0,0.8
1733470875040293,7.641073061013655e-07,-1.3690781547565925e-07,-2.0056399467320307e-07,1.0741890668869019,0.0,0.0,0.0,0.8
1733470875099419,8.213932570699281e-07,-1.471719424731967e-07,-2.0056399481521855e-07,1.0792676210403442,0.0,0.0,0.0,0.8
1733470875161309,8.753429824490308e-07,-1.568383061010762e-07,-2.0056399495834666e-07,1.072399616241455,0.0,0.0,0.0,0.8
1733470875243733,9.500486727840644e-07,-1.7022358958219504e-07,-2.0056399517156817e-07,1.0745211839675903,0.0,0.0,0.0,0.8
1733470875284168,1.0081574829075122e-06,-1.806351511759938e-07,-2.0056399534948688e-07,1.070500135421753,0.0,0.0,0.0,0.8
1733470875353950,1.0680487579213935e-06,-1.9136608332661506e-07,-2.0056399554391332e-07,1.0723590850830078,0.0,0.0,0.0,0.8
1733470875403401,1.1527828089381708e-06,-2.065481837607477e-07,-2.005639958381487e-07,1.078096628189087,0.0,0.0,0.0,0.8
1733470875476860,1.2190602747076763e-06,-2.184233523599421e-07,-2.0056399608394373e-07,1.0748980045318604,0.0,0.0,0.0,0.8
1733470875544613,1.3073919188718015e-06,-2.3425004631988216e-07,-2.0056399643288202e-07,1.0819644927978516,0.0,0.0,0.0,0.8
1733470875595776,1.3757366172828656e-06,-2.4649560832486085e-07,-2.0056399671960836e-07,1.074212670326233,0.0,0.0,0.0,0.8
1733470875648941,1.4459122281859666e-06,-2.590692214152511e-07,-2.0056399702921513e-07,1.06937575340271,0.0,0.0,0.0,0.8
1733470875700097,1.5447812167644903e-06,-2.7678392874883226e-07,-2.0056399749154639e-07,1.0710231065750122,0.0,0.0,0.0,0.8
1733470875763281,1.6192919306104487e-06,-2.901342776100242e-07,-2.0056399786017285e-07,1.0824962854385376,0.0,0.0,0.0,0.8
1733470875832758,1.7214889125083457e-06,-3.0844527331185857e-07,-2.0056399839400816e-07,1.081797480583191,0.0,0.0,0.0,0.8
1733470875869516,1.810916703695321e-06,-3.2446836782727627e-07,-2.0056399888793695e-07,1.0779200792312622,0.0,0.0,0.0,0.8
1733470875946354,1.8890525587619003e-06,-3.3846824610016607e-07,-2.0056399933996956e-07,1.064445972442627,0.0,0.0,0.0,0.8
1733470876000523,1.9716839584022243e-06,-3.5327360703905674e-07,-2.0056399983878117e-07,1.0770624876022339,0.0,0.0,0.0,0.8
1733470876073557,2.0904535971138983e-06,-3.7455398444332807e-07,-2.005640005931458e-07,1.0759457349777222,0.0,0.0,0.0,0.8
1733470876150497,2.1775449536005025e-06,-3.9015845166964894e-07,-2.0056400117433907e-07,1.0865858793258667,0.0,0.0,0.0,0.8
1733470876222474,2.2996336089530915e-06,-4.12033509058566e-07,-2.0056400202901398e-07,1.0727362632751465,0.0,0.0,0.0,0.8
1733470876272597,2.397380934695463e-06,-4.295472440909234e-07,-2.005640027468877e-07,1.0801875591278076,0.0,0.0,0.0,0.8
1733470876345525,2.528945441959517e-06,-4.531201234762447e-07,-2.005640037602924e-07,1.0758540630340576,0.0,0.0,0.0,0.8
1733470876404288,2.592900296242824e-06,-4.645791415466805e-07,-2.0056400427247037e-07,1.0711692571640015,0.0,0.0,0.0,0.8
1733470876463679,2.7233359833632543e-06,-4.879497662245053e-07,-2.005640053567008e-07,1.0795305967330933,0.0,0.0,0.0,0.8
1733470876509398,2.8233729799381668e-06,-5.058737497027071e-07,-2.0056400622429556e-07,1.0929852724075317,0.0,0.0,0.0,0.8
1733470876563407,2.9321672518892283e-06,-5.253668052700027e-07,-2.0056400720336403e-07,1.0733171701431274,0.0,0.0,0.0,0.8
1733470876617685,3.0676746185860497e-06,-5.496461407671528e-07,-2.0056400847459264e-07,1.0740675926208496,0.0,0.0,0.0,0.8
1733470876676663,3.1740897110093473e-06,-5.687129103011588e-07,-2.0056400951315257e-07,1.0814107656478882,0.0,0.0,0.0,0.8
1733470876742145,3.3225874721420864e-06,-5.953197808439115e-07,-2.0056401102160687e-07,1.0790953636169434,0.0,0.0,0.0,0.8
1733470876792747,3.4334911697383826e-06,-6.151907896874816e-07,-2.0056401219315928e-07,1.0739985704421997,0.0,0.0,0.0,0.8
1733470876850006,3.55012098401522e-06,-6.360877671657507e-07,-2.005640134666938e-07,1.072640061378479,0.0,0.0,0.0,0.8
1733470876903110,3.6688193861516762e-06,-6.573553808675649e-07,-2.005640148064919e-07,1.0764013528823853,0.0,0.0,0.0,0.8
1733470876957530,3.836890242897301e-06,-6.874692323724332e-07,-2.005640167789383e-07,1.085140585899353,0.0,0.0,0.0,0.8
1733470877018447,3.956506007951787e-06,-7.089012132419482e-07,-2.0056401823653118e-07,1.0773415565490723,0.0,0.0,0.0,0.8
1733470877083459,4.090320911509716e-06,-7.328773041176396e-07,-2.0056401992017497e-07,1.0742520093917847,0.0,0.0,0.0,0.8
1733470877145403,4.255663498330362e-06,-7.625023218236896e-07,-2.0056402207783666e-07,1.0843467712402344,0.0,0.0,0.0,0.8
1733470877217024,4.390417290174267e-06,-7.866466366436014e-07,-2.0056402389955558e-07,1.0850492715835571,0.0,0.0,0.0,0.8
1733470877278348,4.52307096727424e-06,-8.104146664561881e-07,-2.005640257483477e-07,1.0685148239135742,0.0,0.0,0.0,0.8
1733470877335705,4.701772944424666e-06,-8.424333335084944e-07,-2.0056402832591188e-07,1.0797505378723145,0.0,0.0,0.0,0.8
1733470877379109,4.830416362100256e-06,-8.654828309150492e-07,-2.0056403024326153e-07,1.0809553861618042,0.0,0.0,0.0,0.8
1733470877444559,4.965452750367166e-06,-8.896777795357772e-07,-2.0056403231156808e-07,1.0732121467590332,0.0,0.0,0.0,0.8
1733470877519787,5.153221011984286e-06,-9.233208849281719e-07,-2.005640352823235e-07,1.082901954650879,0.0,0.0,0.0,0.8
1733470877572497,5.292967445596085e-06,-9.483597490767994e-07,-2.0056403756487041e-07,1.0824412107467651,0.0,0.0,0.0,0.8
1733470877645720,5.434704039212774e-06,-9.737551972513014e-07,-2.0056403994230507e-07,1.0876816511154175,0.0,0.0,0.0,0.8
1733470877703187,5.626781968487063e-06,-1.0081704810797724e-06,-2.0056404326440035e-07,1.0855377912521362,0.0,0.0,0.0,0.8
1733470877758910,5.778075887102833e-06,-1.0352783490695859e-06,-2.0056404596234166e-07,1.0670275688171387,0.0,0.0,0.0,0.8
1733470877851043,6.031658811720932e-06,-1.0807137010484157e-06,-2.0056405064487947e-07,1.082193374633789,0.0,0.0,0.0,0.8
1733470877896645,6.1327044184761455e-06,-1.0988184007848743e-06,-2.0056405256676703e-07,1.091479778289795,0.0,0.0,0.0,0.8
1733470877955536,6.28596436655747e-06,-1.1262785292417327e-06,-2.005640555427118e-07,1.0765682458877563,0.0,0.0,0.0,0.8
1733470878039551,6.498702340247352e-06,-1.164395546491885e-06,-2.0056405979532222e-07,1.0903290510177612,0.0,0.0,0.0,0.8
1733470878087097,6.662070011748543e-06,-1.19366671159842e-06,-2.005640631570974e-07,1.0806913375854492,0.0,0.0,0.0,0.8
1733470878149740,6.8222314346597726e-06,-1.2223634017721343e-06,-2.0056406653391448e-07,1.085958480834961,0.0,0.0,0.0,0.8
1733470878199115,7.038937536045292e-06,-1.2611914025278043e-06,-2.0056407123060738e-07,1.0863637924194336,0.0,0.0,0.0,0.8
1733470878249549,7.2038352652123426e-06,-1.290736713487596e-06,-2.0056407490284188e-07,1.0849095582962036,0.0,0.0,0.0,0.8
1733470878302650,7.398781448462468e-06,-1.3256659125331449e-06,-2.0056407935393424e-07,1.0913087129592896,0.0,0.0,0.0,0.8
1733470878361941,7.619261714525534e-06,-1.3651701437526177e-06,-2.0056408453124528e-07,1.087456464767456,0.0,0.0,0.0,0.8
1733470878415764,7.796962350910401e-06,-1.3970093969998776e-06,-2.005640888146409e-07,1.0741156339645386,0.0,0.0,0.0,0.8
1733470878475931,8.029456139815312e-06,-1.4386661337091385e-06,-2.0056409456791663e-07,1.0878974199295044,0.0,0.0,0.0,0.8
1733470878538599,8.206194634621904e-06,-1.470332996634123e-06,-2.0056409905456508e-07,1.0887967348098755,0.0,0.0,0.0,0.8
1733470878593675,8.396958907297732e-06,-1.5045129079212166e-06,-2.0056410400688649e-07,1.0781548023223877,0.0,0.0,0.0,0.8
1733470878718015,8.896503040247916e-06,-1.5940180018592587e-06,-2.0056411751444959e-07,1.0915310382843018,0.0,0.0,0.0,0.8
1733470878739544,8.964688313482333e-06,-1.606234999082944e-06,-2.005641194186919e-07,1.0708599090576172,0.0,0.0,0.0,0.8
1733470878757176,9.026915769730551e-06,-1.6173845131076113e-06,-2.0056412116923635e-07,1.0821806192398071,0.0,0.0,0.0,0.8
1733470878819497,9.27811934917043e-06,-1.6623935493227168e-06,-2.0056412835904933e-07,1.0764240026474,0.0,0.0,0.0,0.8
1733470878870106,9.475326400005285e-06,-1.6977278360075628e-06,-2.0056413414167018e-07,1.0922828912734985,0.0,0.0,0.0,0.8
1733470878941841,9.733044242074664e-06,-1.7439040557533512e-06,-2.0056414188194225e-07,1.087262749671936,0.0,0.0,0.0,0.8
1733470878998849,9.928741065796031e-06,-1.7789677496849507e-06,-2.005641478982208e-07,1.0846784114837646,0.0,0.0,0.0,0.8
1733470879047524,1.0126502268519687e-05,-1.8144013257213443e-06,-2.0056415409962788e-07,1.0945743322372437,0.0,0.0,0.0,0.8
1733470879107261,1.0400114471839617e-05,-1.8634253945305571e-06,-2.0056416288123595e-07,1.0783075094223022,0.0,0.0,0.0,0.8
1733470879172572,1.0602767960117878e-05,-1.8997355387146334e-06,-2.0056416953633012e-07,1.0873386859893799,0.0,0.0,0.0,0.8
1733470879226429,1.0814403590702511e-05,-1.937655045187552e-06,-2.0056417662348814e-07,1.090735912322998,0.0,0.0,0.0,0.8
1733470879277473,1.1090841765877106e-05,-1.9871854533856912e-06,-2.0056418609168675e-07,1.084524154663086,0.0,0.0,0.0,0.8
1733470879346703,1.130065486153289e-05,-2.024778409806599e-06,-2.0056419343745012e-07,1.0673294067382812,0.0,0.0,0.0,0.8
1733470879403274,1.1583718274773727e-05,-2.0754958853975474e-06,-2.0056420356592324e-07,1.0864148139953613,0.0,0.0,0.0,0.8
1733470879471088,1.1805696375211045e-05,-2.1152684888611694e-06,-2.0056421168395416e-07,1.0937526226043701,0.0,0.0,0.0,0.8
1733470879534898,1.2029948351998969e-05,-2.155448510812112e-06,-2.0056422004160861e-07,1.0803184509277344,0.0,0.0,0.0,0.8
1733470879599097,1.225647420513748e-05,-2.1960359512503714e-06,-2.0056422864367016e-07,1.0806571245193481,0.0,0.0,0.0,0.8
1733470879668359,1.2544688146514188e-05,-2.247676265220241e-06,-2.0056423982023255e-07,1.0819125175476074,0.0,0.0,0.0,0.8
1733470879721816,1.2776348559154027e-05,-2.289183682887927e-06,-2.005642489920316e-07,1.08086097240448,0.0,0.0,0.0,0.8
1733470879774553,1.3078644739056862e-05,-2.343347161467717e-06,-2.005642612127945e-07,1.096596598625183,0.0,0.0,0.0,0.8
1733470879902592,1.361701028163596e-05,-2.4398080249170684e-06,-2.0056428368465683e-07,1.0988388061523438,0.0,0.0,0.0,0.8
1733470879906908,1.361701028163596e-05,-2.4398080249170684e-06,-2.0056428368465683e-07,1.0840108394622803,0.0,0.0,0.0,0.8
1733470879949338,1.3859235681062984e-05,-2.483208408723634e-06,-2.0056429409100393e-07,1.0889769792556763,0.0,0.0,0.0,0.8
1733470880004416,1.41037976661585e-05,-2.5270274468683684e-06,-2.005643047838783e-07,1.0806820392608643,0.0,0.0,0.0,0.8
1733470880081792,1.4414791297186558e-05,-2.5827492785942585e-06,-2.005643186514608e-07,1.0867713689804077,0.0,0.0,0.0,0.8
1733470880122434,1.4656533677267343e-05,-2.626063118104852e-06,-2.00564329639972e-07,1.0916826725006104,0.0,0.0,0.0,0.8
1733470880195222,1.4900464326964822e-05,-2.669769037640786e-06,-2.0056434091319065e-07,1.0768611431121826,0.0,0.0,0.0,0.8
1733470880256233,1.5229109168187425e-05,-2.7286534992836673e-06,-2.005643563956888e-07,1.0775682926177979,0.0,0.0,0.0,0.8
1733470880318063,1.5478145780323858e-05,-2.7732742722120577e-06,-2.0056436835277697e-07,1.0683790445327759,0.0,0.0,0.0,0.8
1733470880382374,1.577145789396212e-05,-2.825828043751555e-06,-2.005643826844123e-07,1.09207284450531,0.0,0.0,0.0,0.8
1733470880442992,1.611039606344611e-05,-2.8865567975114e-06,-2.0056439958046613e-07,1.0898115634918213,0.0,0.0,0.0,0.8
1733470880523686,1.6367222732067654e-05,-2.9325733424772283e-06,-2.005644126225064e-07,1.0841025114059448,0.0,0.0,0.0,0.8
1733470880576733,1.6713155678907754e-05,-2.994555375292922e-06,-2.0056443051552584e-07,1.0910813808441162,0.0,0.0,0.0,0.8
1733470880639543,1.6984002910023258e-05,-3.0430840341539987e-06,-2.0056444478601697e-07,1.0876020193099976,0.0,0.0,0.0,0.8
1733470880704669,1.7248398926998008e-05,-3.0904568060981196e-06,-2.0056445893787688e-07,1.0911844968795776,0.0,0.0,0.0,0.8
1733470880754807,1.755076571686586e-05,-3.144632936067919e-06,-2.0056447539008326e-07,1.0863386392593384,0.0,0.0,0.0,0.8
1733470880815769,1.790115430597119e-05,-3.207413302094453e-06,-2.005644948128438e-07,1.07928466796875,0.0,0.0,0.0,0.8
1733470880873902,1.8182378788921432e-05,-3.257801289954813e-06,-2.0056451067942733e-07,1.099656105041504,0.0,0.0,0.0,0.8
1733470880945282,1.8558008093937488e-05,-3.325104124549844e-06,-2.0056453225808532e-07,1.0840529203414917,0.0,0.0,0.0,0.8
1733470880996664,1.8835535732651656e-05,-3.374829735713324e-06,-2.0056454848455758e-07,1.096819519996643,0.0,0.0,0.0,0.8
1733470881050240,1.913409292609517e-05,-3.4283232867670568e-06,-2.005645662095121e-07,1.0901081562042236,0.0,0.0,0.0,0.8
1733470881111577,1.952043336994076e-05,-3.4975452740761954e-06,-2.0056458955977497e-07,1.084898829460144,0.0,0.0,0.0,0.8
1733470881174574,1.9805835801173955e-05,-3.5486818397303536e-06,-2.0056460710915015e-07,1.088668704032898,0.0,0.0,0.0,0.8
1733470881241654,2.0112793312026794e-05,-3.603680505432268e-06,-2.0056462626825122e-07,1.085359811782837,0.0,0.0,0.0,0.8
1733470881292968,2.0412647147616396e-05,-3.657406380444451e-06,-2.0056464526846975e-07,1.0985406637191772,0.0,0.0,0.0,0.8
1733470881352447,2.0803174391357492e-05,-3.727378531521212e-06,-2.0056467043576488e-07,1.092738389968872,0.0,0.0,0.0,0.8
1733470881403012,2.1088856557380477e-05,-3.7785652182380005e-06,-2.0056468914843626e-07,1.091104507446289,0.0,0.0,0.0,0.8
1733470881469176,2.1496409331868577e-05,-3.85158789402311e-06,-2.0056471628560048e-07,1.0836046934127808,0.0,0.0,0.0,0.8
1733470881522978,2.1807403272857477e-05,-3.907309781209805e-06,-2.0056473734273674e-07,1.0842849016189575,0.0,0.0,0.0,0.8
1733470881596610,2.5152914253608105e-05,-4.506736848361251e-06,-2.0056498299159282e-07,1.0751265287399292,0.0,0.0,0.0,0.8
1733470881654725,3.159649437985967e-05,-5.661255951799613e-06,-2.0056555474641557e-07,1.0961869955062866,0.0,0.0,0.0,0.8
1733470881704010,3.159649437985967e-05,-5.661255951799613e-06,-2.0056555474641557e-07,1.0979413986206055,0.0,0.0,0.0,0.8
1733470881764553,8.930858439619893e-05,-1.6001735796927806e-05,-2.0057646494383738e-07,1.0981757640838623,0.0,0.0,0.0,0.8
1733470881834051,0.00013851389884896343,-2.4818026494980836e-05,-2.0059399284256194e-07,1.0788443088531494,0.0,0.0,0.0,0.8
1733470881886073,0.00018143157920559648,-3.2507739492825446e-05,-2.0061546291351115e-07,1.0921729803085327,0.0,0.0,0.0,0.8
1733470881944765,0.00023474352998950612,-4.20598307865854e-05,-2.0065015432248245e-07,1.0847111940383911,0.0,0.0,0.0,0.8
1733470882008256,0.00031272522882482516,-5.603208833037548e-05,-2.0071690770783448e-07,1.0867277383804321,0.0,0.0,0.0,0.8
1733470882061854,0.0003738352227541977,-6.698138267030438e-05,-2.0078250898363815e-07,1.07521390914917,0.0,0.0,0.0,0.8
1733470882111476,0.0004538082287853671,-8.131042978638212e-05,-2.0088600126627986e-07,1.087599515914917,0.0,0.0,0.0,0.8
1733470882167189,0.0005652858624318062,-0.00010128427276365123,-2.0106363411754753e-07,1.08644700050354,0.0,0.0,0.0,0.8
1733470882231224,0.0006928244924934092,-0.00012413582142866187,-2.013145231904514e-07,1.089430809020996,0.0,0.0,0.0,0.8
1733470882277892,0.000756510410662684,-0.00013554665324948018,-2.014588454858752e-07,1.095636248588562,0.0,0.0,0.0,0.8
1733470882348963,0.0008630435490979582,-0.0001546345734828145,-2.017286203023246e-07,1.1050388813018799,0.0,0.0,0.0,0.8
1733470882407202,0.000976894759618702,-0.00017503369864459942,-2.0205615866706405e-07,1.0831832885742188,0.0,0.0,0.0,0.8
1733470882483120,0.001191572557506234,-0.00021349828104379138,-2.0278404116142403e-07,1.0918878316879272,0.0,0.0,0.0,0.8
1733470882546594,0.0013716707169316707,-0.0002457671069810696,-2.0350584695393332e-07,1.1061598062515259,0.0,0.0,0.0,0.8
1733470882585792,0.001466598511368282,-0.0002627756565679815,-2.0392712443138525e-07,1.095844030380249,0.0,0.0,0.0,0.8
1733470882646197,0.0016713685445672766,-0.00029946502962244464,-2.0493182359913194e-07,1.0816617012023926,0.0,0.0,0.0,0.8
1733470882710077,0.0018244590441976209,-0.0003268947973660038,-2.0576861943018817e-07,1.0947140455245972,0.0,0.0,0.0,0.8
1733470882765588,0.0020468393978984104,-0.0003667394739905003,-2.0711471015381223e-07,1.0955599546432495,0.0,0.0,0.0,0.8
1733470882820185,0.002228132547940274,-0.0003992224106190158,-2.0832652404358456e-07,1.0969778299331665,0.0,0.0,0.0,0.8
1733470882878991,0.002417260466005356,-0.0004331091304148053,-2.0970024766545502e-07,1.0892547369003296,0.0,0.0,0.0,0.8
1733470882935074,0.0026994036945740783,-0.00048366173324993904,-2.1195748802013492e-07,1.0879778861999512,0.0,0.0,0.0,0.8
1733470882988433,0.0028941772053750724,-0.0005185599939036655,-2.1366098386277507e-07,1.087182641029358,0.0,0.0,0.0,0.8
1733470883050576,0.0031101286631892836,-0.0005572527824193755,-2.1568838744607518e-07,1.1056808233261108,0.0,0.0,0.0,0.8
1733470883107824,0.0033340835884697554,-0.0005973795805743945,-2.1794497254519298e-07,1.098201870918274,0.0,0.0,0.0,0.8
1733470883174251,0.0036502736283677032,-0.0006540324712842757,-2.2139796707611932e-07,1.101730465888977,0.0,0.0,0.0,0.8
1733470883229009,0.003877169276545359,-0.0006946861691641658,-2.2406848131585487e-07,1.0774439573287964,0.0,0.0,0.0,0.8
1733470883287528,0.004209903846589028,-0.0007543034019695311,-2.2827584986937212e-07,1.1063965559005737,0.0,0.0,0.0,0.8
1733470883349143,0.004470777992770496,-0.0008010451477925667,-2.3181668855221947e-07,1.095617651939392,0.0,0.0,0.0,0.8
1733470883398651,0.004722094269920226,-0.0008460743763125227,-2.3542906585407272e-07,1.0897750854492188,0.0,0.0,0.0,0.8
1733470883464721,0.005089550347490802,-0.000911912784662746,-2.410663315659997e-07,1.0942124128341675,0.0,0.0,0.0,0.8
1733470883524605,0.0053674423048819635,-0.0009617036719960284,-2.4560997290352506e-07,1.1021792888641357,0.0,0.0,0.0,0.8
1733470883602691,0.005662606695068177,-0.0010145893223299665,-2.5070049895476643e-07,1.1008837223052979,0.0,0.0,0.0,0.8
1733470883665863,0.006055492848371464,-0.0010849841274021689,-2.5789905130201833e-07,1.0994315147399902,0.0,0.0,0.0,0.8
1733470883722801,0.006389827291547796,-0.0011448880149320829,-2.6440496733417576e-07,1.1071586608886719,0.0,0.0,0.0,0.8
1733470883781555,0.00679684315432333,-0.0012178144900392587,-2.727970112739883e-07,1.0915942192077637,0.0,0.0,0.0,0.8
1733470883844959,0.0072386241297201954,-0.0012969699535516116,-2.8249217498202457e-07,1.1057161092758179,0.0,0.0,0.0,0.8
1733470883895363,0.007448180391146784,-0.0013345168917774564,-2.873044364604248e-07,1.0899943113327026,0.0,0.0,0.0,0.8
1733470883951291,0.007448180391146784,-0.0013345168917774564,-2.873044364604248e-07,1.099364161491394,0.0,0.0,0.0,0.8
1733470884017575,0.008270039453591732,-0.001481772293254724,-3.0750306896577916e-07,1.0955144166946411,0.0,0.0,0.0,0.8
1733470884078867,0.008613493525116167,-0.0015433101766033773,-3.165698527644913e-07,1.0947377681732178,0.0,0.0,0.0,0.8
1733470884144835,0.009111412473598297,-0.0016325240793430339,-3.3036936877170117e-07,1.0866498947143555,0.0,0.0,0.0,0.8
1733470884204305,0.00948491589314124,-0.001699446010719356,-3.4122969943522746e-07,1.0929728746414185,0.0,0.0,0.0,0.8
1733470884255730,0.009879012695573825,-0.0017700577314075205,-3.5316182028431323e-07,1.099521517753601,0.0,0.0,0.0,0.8
1733470884306879,0.010412949783199862,-0.001865725131415424,-3.701026781379338e-07,1.09743332862854,0.0,0.0,0.0,0.8
1733470884361839,0.010812807938712948,-0.0019373691339324432,-3.8337327390274663e-07,1.105533242225647,0.0,0.0,0.0,0.8
1733470884424307,0.011234137968325283,-0.002012860328103037,-3.9789747018752374e-07,1.0882232189178467,0.0,0.0,0.0,0.8
1733470884488102,0.011804093195142227,-0.0021149812252479858,-4.184285187942616e-07,1.0963746309280396,0.0,0.0,0.0,0.8
1733470884549585,0.012230306086662276,-0.002191347298802875,-4.3444551644419833e-07,1.094725251197815,0.0,0.0,0.0,0.8
1733470884602606,0.012678869343494688,-0.0022717179663433234,-4.5191597506507e-07,1.0882656574249268,0.0,0.0,0.0,0.8
1733470884676378,0.013299821714730629,-0.002382976201868962,-4.771389793150126e-07,1.0901625156402588,0.0,0.0,0.0,0.8
1733470884744879,0.01389021522134874,-0.0024887590971172254,-5.022389160821207e-07,1.106852650642395,0.0,0.0,0.0,0.8
1733470884798433,0.014369012575284942,-0.002574546914305507,-5.233949029648217e-07,1.1136631965637207,0.0,0.0,0.0,0.8
1733470884851527,0.014856233256002799,-0.00266184396858127,-5.456590029668816e-07,1.0929100513458252,0.0,0.0,0.0,0.8
1733470884905172,0.015497351641152774,-0.0027767154190921346,-5.76086727665516e-07,1.1036741733551025,0.0,0.0,0.0,0.8
1733470884962629,0.015987393856794048,-0.0028645180172809175,-6.002110397392286e-07,1.100723147392273,0.0,0.0,0.0,0.8
1733470885021822,0.016636242271167723,-0.0029807744838168874,-6.33308667535247e-07,1.091659426689148,0.0,0.0,0.0,0.8
1733470885077498,0.016636242271167723,-0.0029807744838168874,-6.33308667535247e-07,1.1022188663482666,0.0,0.0,0.0,0.8
1733470885146180,0.017332739839340017,-0.0031055684174055506,-6.703019946508548e-07,1.1082054376602173,0.0,0.0,0.0,0.8
1733470885200841,0.018378563033468163,-0.0032929522584326204,-7.286982795460865e-07,1.0875548124313354,0.0,0.0,0.0,0.8
1733470885243682,0.01893126848471753,-0.0033919824487212524,-7.609414908536738e-07,1.1084139347076416,0.0,0.0,0.0,0.8
1733470885310035,0.019638733631736016,-0.0035187414805015384,-8.036069049481783e-07,1.1075462102890015,0.0,0.0,0.0,0.8
1733470885359470,0.020192214043946707,-0.0036179105225043326,-8.380771322789213e-07,1.1008409261703491,0.0,0.0,0.0,0.8
1733470885408701,0.020397177963347342,-0.003654634632397811,-8.510851528574052e-07,1.1015393733978271,0.0,0.0,0.0,0.8
1733470885458394,0.021342500346114204,-0.003824011384351727,-9.127801985264107e-07,1.1059578657150269,0.0,0.0,0.0,0.8
1733470885515222,0.02215388719323247,-0.003969390432192587,-9.67962829577654e-07,1.103005290031433,0.0,0.0,0.0,0.8
1733470885568668,0.022723357650284087,-0.0040714244652861244,-1.0079221997948952e-06,1.1093800067901611,0.0,0.0,0.0,0.8
1733470885624032,0.023521202746804262,-0.004214377188403436,-1.065612192587473e-06,1.1048635244369507,0.0,0.0,0.0,0.8
1733470885674631,0.0241493962102022,-0.004326932828767352,-1.1124358431441265e-06,1.1025094985961914,0.0,0.0,0.0,0.8
1733470885736001,0.024786202882668376,-0.004441031727639521,-1.1611610579450553e-06,1.1067944765090942,0.0,0.0,0.0,0.8
1733470885788412,0.025452626698397304,-0.004560437233966911,-1.213510404941202e-06,1.10552179813385,0.0,0.0,0.0,0.8
1733470885849480,0.026107115190587043,-0.004677704245626677,-1.266273953428892e-06,1.1075472831726074,0.0,0.0,0.0,0.8
1733470885913093,0.02698617479984002,-0.004835208455413389,-1.3392498111902745e-06,1.1077690124511719,0.0,0.0,0.0,0.8
1733470885966414,0.027639090891863713,-0.00495219373304575,-1.3950161558876052e-06,1.115181803703308,0.0,0.0,0.0,0.8
1733470886024362,0.02856694716402244,-0.005118441010691421,-1.4765588251635494e-06,1.1087346076965332,0.0,0.0,0.0,0.8
1733470886079567,0.029216988180501134,-0.005234911149228073,-1.5352900581609118e-06,1.105521321296692,0.0,0.0,0.0,0.8
1733470886145426,0.030126167752816724,-0.0053978120543609984,-1.619651025085211e-06,1.095800757408142,0.0,0.0,0.0,0.8
1733470886182088,0.030840807056697124,-0.005525856493621672,-1.6877754396696032e-06,1.0845930576324463,0.0,0.0,0.0,0.8
1733470886246445,0.03175230403624253,-0.005689172614144328,-1.77698327685825e-06,1.0967931747436523,0.0,0.0,0.0,0.8
1733470886298087,0.03227259437372528,-0.005782394863637468,-1.829068663906482e-06,1.106587529182434,0.0,0.0,0.0,0.8
1733470886360594,0.0332298756947757,-0.005953914323108633,-1.927112094314975e-06,1.1068247556686401,0.0,0.0,0.0,0.8
1733470886409828,0.03395749054080003,-0.006084283631710813,-2.0035502858313787e-06,1.1096771955490112,0.0,0.0,0.0,0.8
1733470886477853,0.0349405946047593,-0.006260429839546757,-2.109458068756563e-06,1.1158462762832642,0.0,0.0,0.0,0.8
1733470886536412,0.03581295216318961,-0.00641673320540039,-2.2059662153683184e-06,1.1121586561203003,0.0,0.0,0.0,0.8
1733470886574969,0.03662045293332215,-0.00656141595142717,-2.2974202937094782e-06,1.087501883506775,0.0,0.0,0.0,0.8
1733470886641910,0.037643149858775024,-0.00674465614560377,-2.4161731853570717e-06,1.0975046157836914,0.0,0.0,0.0,0.8
1733470886679743,0.038419885754927045,-0.006883826638183802,-2.508551121856236e-06,1.1115822792053223,0.0,0.0,0.0,0.8
1733470886741835,0.03949488916124079,-0.0070764387636091395,-2.6395148067057496e-06,1.0992567539215088,0.0,0.0,0.0,0.8
1733470886788460,0.040264646852967,-0.007214358943627598,-2.7355118550115093e-06,1.1110143661499023,0.0,0.0,0.0,0.8
1733470886853522,0.0411500414535204,-0.007372998191650376,-2.848221441289455e-06,1.1083643436431885,0.0,0.0,0.0,0.8
1733470886913782,0.04193643184764177,-0.007513898508082915,-2.9503835257328567e-06,1.1041134595870972,0.0,0.0,0.0,0.8
1733470886977649,0.04306155626143874,-0.007715490980536108,-3.099914241746447e-06,1.0991591215133667,0.0,0.0,0.0,0.8
1733470887051896,0.04306155626143874,-0.007715490980536108,-3.099914241746447e-06,1.0937103033065796,0.0,0.0,0.0,0.8
1733470887100850,0.04504748128759271,-0.008071316098600735,-3.3735069516348523e-06,1.1148827075958252,0.0,0.0,0.0,0.8
1733470887164059,0.04590092882395002,-0.00822423126918527,-3.4948718656443038e-06,1.1038180589675903,0.0,0.0,0.0,0.8
1733470887212750,0.046762885837107096,-0.008378671110424415,-3.619758796375194e-06,1.1076877117156982,0.0,0.0,0.0,0.8
1733470887270727,0.04795465547012754,-0.008592204624550596,-3.7962584831279425e-06,1.093797206878662,0.0,0.0,0.0,0.8
1733470887347699,0.049162318914961596,-0.008808585884235028,-3.979642832781248e-06,1.1158815622329712,0.0,0.0,0.0,0.8
1733470887390365,0.05002611668710908,-0.008963355532824667,-4.113608750265107e-06,1.1064733266830444,0.0,0.0,0.0,0.8
1733470887441014,0.050928068241675714,-0.009124961324882611,-4.25598211161729e-06,1.103433609008789,0.0,0.0,0.0,0.8
1733470887510654,0.052143907278656636,-0.009342807423322292,-4.451928778749212e-06,1.112067699432373,0.0,0.0,0.0,0.8
1733470887570175,0.05281907139706363,-0.009463778918878014,-4.562735650899584e-06,1.103742003440857,0.0,0.0,0.0,0.8
1733470887624382,0.05421454337284659,-0.009713810465738628,-4.796276311764168e-06,1.0862925052642822,0.0,0.0,0.0,0.8
1733470887685944,0.055155669866153306,-0.009882435355509263,-4.95721788702587e-06,1.1053977012634277,0.0,0.0,0.0,0.8
1733470887744379,0.05655163466092996,-0.010132555192093193,-5.201042321108754e-06,1.1044262647628784,0.0,0.0,0.0,0.8
1733470887780399,0.05748187510944778,-0.010299229584520314,-5.366905083557475e-06,1.104629397392273,0.0,0.0,0.0,0.8
1733470887836404,0.05845269813129034,-0.010473175293622428,-5.542889501041143e-06,1.1120363473892212,0.0,0.0,0.0,0.8
1733470887901979,0.05979347771674589,-0.010713407390900116,-5.790783304288364e-06,1.1161189079284668,0.0,0.0,0.0,0.8
1733470887952881,0.06081796323948453,-0.010896967987135043,-5.983987033883479e-06,1.1033151149749756,0.0,0.0,0.0,0.8
1733470888009560,0.06181819447459157,-0.011076182855622273,-6.1757832870993505e-06,1.1096415519714355,0.0,0.0,0.0,0.8
1733470888072660,0.06330084622459314,-0.011341834659359758,-6.4658405388792925e-06,1.1057645082473755,0.0,0.0,0.0,0.8
1733470888130615,0.0642882212576278,-0.01151874602904598,-6.662818105585585e-06,1.1183406114578247,0.0,0.0,0.0,0.8
1733470888175388,0.06538711841027695,-0.011715639194951664,-6.885628579652616e-06,1.0905390977859497,0.0,0.0,0.0,0.8
1733470888247443,0.06680946254158282,-0.011970485456814294,-7.179627722680244e-06,1.116716980934143,0.0,0.0,0.0,0.8
1733470888289151,0.06749733750571674,-0.012093734363592866,-7.32408141860798e-06,1.1164464950561523,0.0,0.0,0.0,0.8
1733470888352800,0.06910377616564638,-0.012381565457863728,-7.667196285721036e-06,1.1043819189071655,0.0,0.0,0.0,0.8
1733470888394413,0.07003203457148077,-0.01254788467802237,-7.869139357742474e-06,1.1162259578704834,0.0,0.0,0.0,0.8
1733470888452724,0.07091831160934957,-0.012706681950224504,-8.064463886976737e-06,1.1075688600540161,0.0,0.0,0.0,0.8
1733470888514305,0.07176260727911267,-0.012857957274861345,-8.252820814826782e-06,1.1124396324157715,0.0,0.0,0.0,0.8
1733470888567061,0.07284858482612196,-0.013052535558464454,-8.498373047866056e-06,1.1124907732009888,0.0,0.0,0.0,0.8
1733470888624621,0.07359352459083164,-0.013186008942027403,-8.668945253699635e-06,1.10077965259552,0.0,0.0,0.0,0.8
1733470888696522,0.07454371573377486,-0.01335625790753851,-8.88903325022405e-06,1.1147030591964722,0.0,0.0,0.0,0.8
1733470888750826,0.07495746001448438,-0.013430389870502166,-8.985749119251406e-06,1.1186463832855225,0.0,0.0,0.0,0.8
1733470888816824,0.07585095335657116,-0.013590480093801323,-9.196436253511998e-06,1.103314757347107,0.0,0.0,0.0,0.8
1733470888882702,0.07640218512379211,-0.01368924615167547,-9.327662773940851e-06,1.1180083751678467,0.0,0.0,0.0,0.8
1733470888939131,0.07701364688139462,-0.0137988038188036,-9.474339294651588e-06,1.1179689168930054,0.0,0.0,0.0,0.8
1733470889001285,0.07738609707585198,-0.013865536976538934,-9.564255071091929e-06,1.1186708211898804,0.0,0.0,0.0,0.8
1733470889068553,0.07773579711013576,-0.013928193910747937,-9.649073434886304e-06,1.1174143552780151,0.0,0.0,0.0,0.8
1733470889131127,0.07789711392907972,-0.013957097588899774,-9.688329087814136e-06,1.1130605936050415,0.0,0.0,0.0,0.8
1733470889184089,0.07798242328220714,-0.013972382753155618,-9.709121595491688e-06,1.12481689453125,0.0,0.0,0.0,0.8
1733470889251279,0.07796713161667242,-0.013969642893847386,-9.705392873064868e-06,1.1189302206039429,0.0,0.0,0.0,0.8
1733470889321037,0.07785888476524852,-0.013950247940613458,-9.67901885146507e-06,1.108703374862671,0.0,0.0,0.0,0.8
1733470889388695,0.07758551816039759,-0.013901267924413738,-9.612577009386787e-06,1.1183797121047974,0.0,0.0,0.0,0.8
1733470889432674,0.07726064547305743,-0.013843059389356803,-9.533920482055083e-06,1.1210911273956299,0.0,0.0,0.0,0.8
1733470889493991,0.07687035958122229,-0.013773130549224851,-9.439862862836055e-06,1.1220234632492065,0.0,0.0,0.0,0.8
1733470889549018,0.07636262236614803,-0.013682157558200634,-9.318212790886941e-06,1.109239101409912,0.0,0.0,0.0,0.8
1733470889604735,0.07559522659374812,-0.01354466066465827,-9.135880469066392e-06,1.1179836988449097,0.0,0.0,0.0,0.8
1733470889664801,0.075987502034211,-0.013614945913252532,-9.228854475231072e-06,1.1095783710479736,0.0,0.0,0.0,0.8
1733470889724352,0.10377104809285384,-0.018593014004694184,-1.703790323535531e-05,1.1082067489624023,0.0,0.0,0.0,0.8
1733470889782354,0.1931186466534725,-0.034601675444591896,-5.851406238934349e-05,1.1071891784667969,0.0,0.0,0.0,0.8
1733470889844544,0.3476815813083871,-0.062294917542322074,-0.00018920979743984096,1.1074671745300293,0.0,0.0,0.0,0.8
1733470889892852,0.4569028872843452,-0.08186396278413628,-0.00032661277131779804,1.1211559772491455,0.0,0.0,0.0,0.8
1733470889941776,0.7163937839857051,-0.12835521456788168,-0.0008026515650941001,1.1103838682174683,0.0,0.0,0.0,0.8
1733470889997552,0.9427089344130097,-0.16890033730851023,-0.0013897231577227474,1.1070421934127808,0.0,0.0,0.0,0.8
1733470890059791,1.3072148146903626,-0.23419661187666485,-0.0026719416959688526,1.113156795501709,0.0,0.0,0.0,0.8
1733470890109964,1.60353719531659,-0.28727143536030303,-0.004020404701723351,1.1098787784576416,0.0,0.0,0.0,0.8
1733470890171334,1.8380316025366694,-0.32926642059948447,-0.005282052524050412,1.121074914932251,0.0,0.0,0.0,0.8
1733470890238086,2.4920085447934817,-0.4463520625985464,-0.009708543452768918,1.1064326763153076,0.0,0.0,0.0,0.8
1733470890298276,2.917107194752014,-0.5224280049164918,-0.013302387297019574,1.1119232177734375,0.0,0.0,0.0,0.8
1733470890355499,3.3931277964625415,-0.607580448084083,-0.01799646623679503,1.1222501993179321,0.0,0.0,0.0,0.8
1733470890412783,3.9236909853449373,-0.7024368245377389,-0.02406180828793146,1.112950086593628,0.0,0.0,0.0,0.8
1733470890478627,4.642887926836131,-0.8309140268835363,-0.03368523523963098,1.1212737560272217,0.0,0.0,0.0,0.8
1733470890556212,5.48543320947584,-0.981247472801492,-0.047009020256698585,1.1100152730941772,0.0,0.0,0.0,0.8
1733470890608163,6.094282292695976,-1.0897445828678671,-0.058012146539091425,1.1224740743637085,0.0,0.0,0.0,0.8
1733470890657063,6.781320476140451,-1.2120172377991114,-0.07181169484683805,1.1239901781082153,0.0,0.0,0.0,0.8
1733470890721609,7.4579113751888935,-1.3322496377592201,-0.08683293489510564,1.1249641180038452,0.0,0.0,0.0,0.8
1733470890780080,8.44540004908273,-1.5073703641073373,-0.11130138850183904,1.132682204246521,0.0,0.0,0.0,0.8
1733470890845740,9.22833259857179,-1.6458798680336861,-0.13284320968828514,1.1295541524887085,0.0,0.0,0.0,0.8
1733470890899228,10.32883673407391,-1.8400133375410797,-0.16631663126069096,1.1320033073425293,0.0,0.0,0.0,0.8
1733470890958425,11.226251824076817,-1.9977912153650914,-0.19636712984548613,1.1369147300720215,0.0,0.0,0.0,0.8
1733470891025935,12.101001266652084,-2.1510841138417045,-0.22803182832071606,1.15104079246521,0.0,0.0,0.0,0.8
1733470891081374,13.363498062112292,-2.371379586856152,-0.2778466233156198,1.1553488969802856,0.0,0.0,0.0,0.8
1733470891147143,14.453949543975186,-2.560676878184836,-0.3247669839871062,1.1566540002822876,0.0,0.0,0.0,0.8
