timestamp_sec,timestamp_nanosec,roll,pitch,yaw
41,587000000,-0.0001768399475262138,-2.3059569126207957e-05,1.1761939498547345e-05
41,597000000,0.0002880245955878931,-3.160592804148702e-05,1.1767050623644868e-05
41,607000000,0.0008732018438786368,9.033228089817392e-05,1.1768284881545156e-05
41,617000000,0.0002880245955908452,-3.160592804110634e-05,1.1772693630512192e-05
41,627000000,-0.000176839947526685,-2.3059569125062796e-05,1.177322551228213e-05
41,637000000,0.000288024595593072,-3.160592804116916e-05,1.1778336637379622e-05
41,647000000,0.0008732018438747198,9.033228089736558e-05,1.1779570895279848e-05
41,657000000,0.0002880245955958898,-3.160592804249046e-05,1.1783979644246882e-05
41,667000000,-0.000176839947525645,-2.305956912578556e-05,1.1784511526016785e-05
41,677000000,0.0002880245955904231,-3.160592804039132e-05,1.1789622651114147e-05
41,687000000,-0.00017683994752742556,-2.3059569125934396e-05,1.1790154532883955e-05
41,697000000,0.00028802459559287277,-3.1605928040525165e-05,1.179526565798141e-05
41,707000000,-0.00017683994752459782,-2.3059569126630803e-05,1.1795797539751149e-05
41,717000000,0.00028802459559402744,-3.160592804205227e-05,1.1800908664848638e-05
41,727000000,-0.00017683994753142458,-2.305956912543413e-05,1.1801440546618492e-05
41,737000000,0.00028802459558939785,-3.1605928040372516e-05,1.1806551671715737e-05
41,747000000,-0.0001768399475304728,-2.3059569125709143e-05,1.1807083553485449e-05
41,757000000,0.00028802459559399156,-3.160592804307853e-05,1.1812194678582675e-05
41,767000000,-0.0001768399475286622,-2.305956912691117e-05,1.1812726560352394e-05
41,777000000,0.00028802459559694937,-3.16059280422457e-05,1.1817837685449705e-05
41,787000000,-0.00017683994752500792,-2.3059569126099696e-05,1.1818369567219417e-05
41,797000000,0.00028802459559206255,-3.1605928040654876e-05,1.1823480692316792e-05
41,807000000,-0.0001768399475299628,-2.3059569125862977e-05,1.1824012574086358e-05
41,817000000,0.0002880245955937518,-3.1605928040714406e-05,1.1829123699183488e-05
41,827000000,-0.00017683994753044541,-2.3059569126839444e-05,1.1829655580953032e-05
41,837000000,0.00028802459559386124,-3.1605928041474153e-05,1.1834766706050155e-05
41,847000000,-0.00017683994752839025,-2.3059569125720994e-05,1.1835298587819701e-05
41,857000000,0.00028802459559660346,-3.1605928042947117e-05,1.1840409712916992e-05
41,867000000,-0.0001768399475275721,-2.3059569125792027e-05,1.1840941594686575e-05
41,877000000,0.0002880245955906817,-3.1605928041120026e-05,1.1846052719783749e-05
41,887000000,-0.0001768399475283367,-2.3059569126138544e-05,1.184658460155327e-05
41,897000000,0.0002880245955942641,-3.160592804131081e-05,1.1851695726650412e-05
41,907000000,-0.00017683994752990613,-2.3059569125780995e-05,1.18522276084199e-05
41,917000000,0.00028802459559449734,-3.160592804226575e-05,1.1857338733516924e-05
41,927000000,-0.00017683994752484676,-2.305956912512015e-05,1.1857870615286496e-05
41,937000000,0.0002880245955935068,-3.160592804251462e-05,1.1862981740383625e-05
41,947000000,-0.00017683994752766509,-2.3059569125878044e-05,1.1863513622153116e-05
41,957000000,0.0002880245955922247,-3.160592804147591e-05,1.1868624747250175e-05
41,967000000,-0.00017683994752865485,-2.3059569127279674e-05,1.186915662901956e-05
41,977000000,0.00028802459559418525,-3.16059280425156e-05,1.1874267754116464e-05
41,987000000,-0.00017683994752416428,-2.305956912647435e-05,1.1874799635885913e-05
41,997000000,0.00028802459559161764,-3.16059280409251e-05,1.1879910760982825e-05
42,7000000,-0.0001768399475274589,-2.3059569126160486e-05,1.1880442642752096e-05
42,17000000,0.00028802459559298737,-3.16059280408121e-05,1.1885553767849043e-05
42,27000000,-0.00017683994752715285,-2.305956912540953e-05,1.1886085649618333e-05
42,37000000,0.0002880245955926928,-3.16059280424563e-05,1.1891196774715203e-05
42,47000000,-0.0001768399475267515,-2.3059569126761154e-05,1.1891728656484461e-05
42,57000000,-0.0007304177674088969,7.556124693995713e-05,1.1896419322071671e-05
42,67000000,-0.00017683994752948985,-2.3059569125897303e-05,1.1897371663350617e-05
42,77000000,-0.000730417767398868,7.556124693933682e-05,1.190206232893753e-05
42,87000000,-0.0001768399475303921,-2.3059569125342337e-05,1.1903014670216608e-05
42,97000000,0.00028802459559523156,-3.160592804287158e-05,1.1908125795313282e-05
42,107000000,-0.00017683994753339455,-2.3059569126832244e-05,1.1908657677082465e-05
42,117000000,0.00028802459559004663,-3.160592804065702e-05,1.1913768802179075e-05
42,127000000,-0.00017683994752753073,-2.3059569125967688e-05,1.1914300683948197e-05
42,137000000,0.0002880245955926761,-3.160592804094212e-05,1.191941180904495e-05
42,147000000,-0.00017683994752838033,-2.3059569126929575e-05,1.1919943690814132e-05
42,157000000,-0.0007304177674022298,7.556124693942484e-05,1.1924634356401089e-05
42,167000000,-0.00017683994752672291,-2.3059569125834903e-05,1.1925586697679929e-05
42,177000000,0.00028802459559549475,-3.160592804194816e-05,1.1930697822776649e-05
42,187000000,-0.0001768399475272456,-2.3059569126950246e-05,1.1931229704545767e-05
42,197000000,0.0002880245955909855,-3.1605928041711993e-05,1.1936340829642362e-05
42,207000000,-0.00017683994753061886,-2.3059569127337896e-05,1.1936872711411367e-05
42,217000000,0.0002880245955960924,-3.160592804122756e-05,1.194198383650803e-05
42,227000000,-0.000176839947530618,-2.3059569126166676e-05,1.1942515718277047e-05
42,237000000,0.00028802459559055166,-3.1605928041275954e-05,1.194762684337361e-05
42,247000000,-0.0001768399475295818,-2.30595691269097e-05,1.1948158725142555e-05
42,257000000,0.0002880245955915779,-3.1605928042249304e-05,1.19532698502391e-05
42,267000000,-0.00017683994752417173,-2.3059569125370228e-05,1.1953801732008136e-05
42,277000000,0.00028802459559098425,-3.160592804158256e-05,1.1958912857104663e-05
42,287000000,-0.00017683994752800292,-2.3059569126274652e-05,1.1959444738873526e-05
42,297000000,0.0002880245955935307,-3.160592804103488e-05,1.1964555863970051e-05
42,307000000,-0.00017683994752774174,-2.3059569126057514e-05,1.1965087745738963e-05
42,317000000,0.0002880245955906999,-3.1605928042630584e-05,1.1970198870835434e-05
42,327000000,-0.00017683994752831843,-2.305956912593764e-05,1.1970730752604321e-05
42,337000000,0.0002880245955957325,-3.1605928042261284e-05,1.197584187770087e-05
42,347000000,-0.00017683994752502093,-2.3059569125457774e-05,1.197637375946978e-05
42,357000000,0.0002880245955927485,-3.160592804244284e-05,1.198148488456623e-05
42,367000000,-0.00017683994753097242,-2.3059569127910544e-05,1.1982016766334994e-05
42,377000000,0.00028802459558861283,-3.160592804030945e-05,1.1987127891431302e-05
42,387000000,-0.00017683994752881204,-2.305956912550162e-05,1.1987659773199963e-05
42,397000000,-0.0007304177673991075,7.556124693943891e-05,1.1992350438786574e-05
42,407000000,0.0008732018438787845,9.03322808972847e-05,1.1994005156195507e-05
42,417000000,0.00028802459559113664,-3.16059280410066e-05,1.1998413905161478e-05
42,427000000,-0.0001768399475222914,-2.3059569125373375e-05,1.1998945786930248e-05
42,437000000,0.00028802459559271567,-3.16059280420034e-05,1.2004056912026636e-05
42,447000000,-0.0001768399475243843,-2.3059569126239253e-05,1.2004588793795326e-05
42,457000000,0.00028802459559387186,-3.160592804253955e-05,1.2009699918891741e-05
42,467000000,-0.0001768399475270582,-2.3059569127659226e-05,1.201023180066047e-05
42,477000000,0.0002880245955961473,-3.160592804202118e-05,1.2015342925756733e-05
42,487000000,-0.00017683994752750365,-2.3059569126332044e-05,1.2015874807525428e-05
42,497000000,0.0002880245955902046,-3.160592804149997e-05,1.2020985932621633e-05
42,507000000,-0.00017683994752475154,-2.305956912634117e-05,1.2021517814390225e-05
42,517000000,0.0002880245955917801,-3.160592804049568e-05,1.2026628939486391e-05
42,527000000,-0.00017683994752760957,-2.3059569127065202e-05,1.2027160821254864e-05
42,537000000,0.0002880245955911894,-3.1605928041584586e-05,1.203227194635104e-05
42,547000000,-0.00017683994753000103,-2.3059569127212162e-05,1.2032803828119546e-05
42,557000000,0.000288024595595457,-3.160592804285292e-05,1.2037914953215643e-05
42,567000000,-0.0001768399475276695,-2.3059569126813894e-05,1.2038446834984128e-05
42,577000000,0.0002880245955949231,-3.160592804198865e-05,1.204355796008021e-05
42,587000000,-0.00017683994752829558,-2.305956912612333e-05,1.204408984184879e-05
42,597000000,0.00028802459558824626,-3.160592804043397e-05,1.2049200966944879e-05
42,607000000,-0.00017683994752475127,-2.3059569126601326e-05,1.2049732848713217e-05
42,617000000,0.00028802459559433617,-3.160592804199572e-05,1.2054843973809367e-05
42,627000000,-0.00017683994752516768,-2.3059569126344404e-05,1.2055375855577853e-05
42,637000000,0.00028802459559237035,-3.160592804313907e-05,1.2060486980673914e-05
42,647000000,0.0008732018438682214,9.033228089702606e-05,1.2061721238572655e-05
42,657000000,0.0002880245955985603,-3.16059280426846e-05,1.2066129987538165e-05
42,667000000,-0.00017683994752993264,-2.3059569126484113e-05,1.2066661869306549e-05
42,677000000,0.0002880245955926191,-3.1605928042346936e-05,1.2071772994402482e-05
42,687000000,-0.000176839947525285,-2.3059569125714008e-05,1.2072304876170903e-05
42,697000000,0.0002880245955880985,-3.160592804118513e-05,1.2077416001266722e-05
42,707000000,-0.0001768399475248125,-2.3059569126525107e-05,1.2077947883034985e-05
42,717000000,0.00028802459559425654,-3.160592804191996e-05,1.2083059008130983e-05
42,727000000,-0.00017683994752525726,-2.3059569126265664e-05,1.2083590889899321e-05
42,737000000,0.0002880245955914642,-3.1605928042969905e-05,1.2088702014995272e-05
42,747000000,-0.0001768399475269959,-2.305956912696179e-05,1.20892338967635e-05
42,757000000,0.0002880245955936024,-3.1605928042820285e-05,1.2094345021859386e-05
42,767000000,0.0008732018438726406,9.033228089672125e-05,1.2095579279758032e-05
42,777000000,0.0002880245955918492,-3.160592804081287e-05,1.2099988028723273e-05
42,787000000,-0.00017683994752969913,-2.305956912717359e-05,1.2100519910491447e-05
42,797000000,0.00028802459559147914,-3.160592804074482e-05,1.2105631035587169e-05
42,807000000,-0.00017683994753250602,-2.3059569126811756e-05,1.2106162917355285e-05
42,817000000,0.0002880245955917822,-3.160592804174865e-05,1.2111274042450966e-05
42,827000000,-0.00017683994753028942,-2.3059569127249845e-05,1.2111805924219075e-05
42,837000000,0.00028802459559128566,-3.160592804148699e-05,1.2116917049314782e-05
42,847000000,-0.00017683994752807264,-2.3059569126148346e-05,1.211744893108285e-05
42,858000000,-0.0007304177674052867,7.556124694001304e-05,1.2122139596668818e-05
42,868000000,0.00028802459559428034,-3.160592804157852e-05,1.2125945860296697e-05
42,878000000,-0.0007304177673966606,7.55612469394881e-05,1.2127782603532537e-05
42,888000000,0.0008732018438817072,9.033228089808068e-05,1.2129437320940867e-05
42,898000000,-0.0007304177673993585,7.556124693929557e-05,1.2133425610396397e-05
42,908000000,0.0008732018438779533,9.033228089755014e-05,1.2135080327804605e-05
42,918000000,-0.0007304177674008044,7.55612469392653e-05,1.2139068617260049e-05
42,928000000,0.00087320184387922,9.033228089877561e-05,1.2140723334668322e-05
42,938000000,-0.0007304177674016802,7.556124693997981e-05,1.2144711624123805e-05
42,949000000,0.0002880245955922424,-3.160592804144451e-05,1.2148517887751688e-05
42,959000000,-0.00017683994752862133,-2.305956912724819e-05,1.2149049769519626e-05
42,969000000,0.0002880245955943646,-3.160592804180747e-05,1.2154160894615032e-05
42,979000000,-0.0001768399475283061,-2.3059569126657982e-05,1.2154692776382882e-05
42,989000000,0.0002880245955919373,-3.160592804177715e-05,1.2159803901478384e-05
42,999000000,-0.00017683994752791096,-2.3059569127798925e-05,1.216033578324625e-05
43,9000000,0.0002880245955903096,-3.1605928040891015e-05,1.216544690834162e-05
43,19000000,-0.0001768399475239313,-2.305956912638618e-05,1.2165978790109436e-05
43,29000000,-0.0007304177674022441,7.556124693916293e-05,1.2170669455695181e-05
43,39000000,-0.00017683994752944936,-2.3059569127682303e-05,1.2171621796972717e-05
43,49000000,0.0002880245955904573,-3.160592804157331e-05,1.2176732922068109e-05
43,59000000,-0.00017683994752459194,-2.3059569126173066e-05,1.2177264803835826e-05
43,70000000,-0.0007304177674054049,7.55612469408491e-05,1.2181955469421592e-05
43,80000000,0.0008732018438755556,9.033228089848026e-05,1.218361018682945e-05
43,90000000,-0.0007304177673964213,7.556124693945967e-05,1.2187598476284583e-05
43,100000000,0.0008732018438752018,9.033228089864355e-05,1.2189253193692588e-05
43,110000000,-0.0007304177673986727,7.55612469387677e-05,1.2193241483147704e-05
43,120000000,0.0002880245955913969,-3.1605928039744824e-05,1.2197047746775345e-05
43,130000000,-0.000730417767409037,7.556124694033927e-05,1.2198884490010673e-05
43,140000000,0.0008732018438776544,9.033228089826506e-05,1.2200539207418426e-05
43,150000000,-0.0007304177674045759,7.556124694030489e-05,1.2204527496873527e-05
43,160000000,0.0008732018438779941,9.033228089710415e-05,1.2206182214281342e-05
43,170000000,-0.0007304177674035986,7.556124693868676e-05,1.2210170503736455e-05
43,180000000,0.0008732018438786032,9.033228089792458e-05,1.2211825221144184e-05
43,190000000,-0.0007304177673981228,7.556124693903903e-05,1.2215813510599324e-05
43,200000000,0.0008732018438822181,9.033228089852056e-05,1.2217468228007126e-05
43,210000000,-0.0007304177673987235,7.556124693910135e-05,1.2221456517462244e-05
43,220000000,0.0008732018438802892,9.033228089868913e-05,1.2223111234870029e-05
43,230000000,-0.0007304177673996602,7.55612469397137e-05,1.2227099524324976e-05
43,240000000,0.0008732018438793267,9.033228089885904e-05,1.2228754241732793e-05
43,250000000,-0.0007304177674021511,7.556124693935192e-05,1.223274253118786e-05
43,260000000,0.0008732018438825851,9.033228089917667e-05,1.2234397248595545e-05
43,270000000,-0.0007304177673982526,7.556124693995993e-05,1.2238385538050527e-05
43,280000000,0.0008732018438756202,9.03322808977574e-05,1.2240040255458177e-05
43,290000000,-0.0007304177674053263,7.556124693991633e-05,1.2244028544913048e-05
43,300000000,0.0008732018438739185,9.033228089719296e-05,1.2245683262320609e-05
43,310000000,-0.0007304177674052508,7.556124693996964e-05,1.2249671551775371e-05
43,320000000,0.0008732018438757021,9.03322808973928e-05,1.2251326269182912e-05
43,330000000,-0.0007304177673992274,7.55612469396101e-05,1.2255314558637766e-05
43,340000000,0.0008732018438822836,9.03322808991273e-05,1.2256969276045339e-05
43,350000000,-0.0007304177674002422,7.55612469394399e-05,1.2260957565500226e-05
43,360000000,0.0008732018438728131,9.033228089733674e-05,1.2262612282907808e-05
43,370000000,-0.0007304177674112923,7.556124694073651e-05,1.2266600572362528e-05
43,380000000,0.0008732018438852165,9.033228089857567e-05,1.22682552897699e-05
43,390000000,-0.0007304177674016407,7.556124693878473e-05,1.2272243579224755e-05
43,400000000,0.0008732018438770036,9.033228089710137e-05,1.2273898296632264e-05
43,410000000,-0.0007304177674053394,7.55612469403359e-05,1.2277886586086956e-05
43,420000000,0.0008732018438739679,9.033228089748548e-05,1.227954130349432e-05
43,430000000,-0.000730417767407724,7.556124694000126e-05,1.2283529592948889e-05
43,440000000,0.0008732018438759977,9.033228089800518e-05,1.2285184310356296e-05
43,450000000,-0.0007304177674049992,7.556124694021433e-05,1.228917259981093e-05
43,460000000,0.000873201843877232,9.033228089736056e-05,1.2290827317218245e-05
43,470000000,-0.0007304177674045309,7.556124693976619e-05,1.2294815606672887e-05
43,480000000,0.0008732018438783419,9.033228089794056e-05,1.2296470324080153e-05
43,490000000,-0.0007304177674040507,7.556124693923453e-05,1.2300458613534751e-05
43,500000000,0.0008732018438751155,9.033228089812666e-05,1.2302113330942026e-05
43,510000000,-0.0007304177673984846,7.556124693967386e-05,1.2306101620396507e-05
43,520000000,0.0008732018438840154,9.033228089871057e-05,1.2307756337803931e-05
43,530000000,-0.00017683994753014588,-2.3059569126889527e-05,1.2310439765790644e-05
43,540000000,0.0008732018438820854,9.03322808982404e-05,1.2313399344665767e-05
43,550000000,-0.0007304177673944514,7.556124693817689e-05,1.231738763412041e-05
43,560000000,0.0008732018438748136,9.033228089797514e-05,1.2319042351527757e-05
43,570000000,-0.0007304177674084991,7.55612469407044e-05,1.2323030640982131e-05
43,580000000,0.0008732018438771576,9.033228089821459e-05,1.2324685358389216e-05
43,590000000,-0.0007304177674044709,7.55612469402353e-05,1.2328673647843674e-05
43,600000000,0.0008732018438794405,9.033228089815599e-05,1.2330328365250821e-05
43,610000000,-0.0007304177674024605,7.556124693916607e-05,1.2334316654705287e-05
43,620000000,0.0008732018438761731,9.033228089744035e-05,1.2335971372112432e-05
43,630000000,-0.0007304177674060732,7.556124693979475e-05,1.2339959661566701e-05
43,640000000,0.0008732018438744917,9.033228089776626e-05,1.2341614378973708e-05
43,650000000,-0.0007304177673999208,7.556124693883745e-05,1.2345602668428022e-05
43,660000000,0.000873201843881172,9.03322808980853e-05,1.2347257385835195e-05
43,670000000,-0.0007304177674022823,7.556124693950716e-05,1.2351245675289622e-05
43,680000000,0.0008732018438711199,9.033228089698071e-05,1.2352900392696683e-05
43,690000000,-0.0007304177674003178,7.556124694016067e-05,1.2356888682150917e-05
43,700000000,0.0008732018438747266,9.033228089758487e-05,1.2358543399557928e-05
43,710000000,-0.0007304177673985966,7.556124693960734e-05,1.236253168901212e-05
43,720000000,0.0008732018438775988,9.03322808981027e-05,1.2364186406419121e-05
43,730000000,-0.0007304177674032051,7.556124693965781e-05,1.2368174695873347e-05
43,740000000,0.0008732018438819086,9.033228089783422e-05,1.236982941328035e-05
43,750000000,-0.000730417767405575,7.556124693979105e-05,1.2373817702734644e-05
43,760000000,0.0008732018438746538,9.033228089818843e-05,1.2375472420141548e-05
43,770000000,-0.000730417767395967,7.556124693963769e-05,1.2379460709595668e-05
43,780000000,0.0008732018438821772,9.033228089885724e-05,1.238111542700264e-05
43,790000000,-0.0007304177674001466,7.556124693916587e-05,1.2385103716456883e-05
43,800000000,0.0008732018438724678,9.033228089838986e-05,1.2386758433863853e-05
43,810000000,-0.0007304177674069535,7.556124693944784e-05,1.23907467233179e-05
43,820000000,0.0008732018438780373,9.033228089730795e-05,1.2392401440724674e-05
43,830000000,-0.0007304177674048703,7.556124693981041e-05,1.2396389730178781e-05
43,840000000,0.0008732018438769334,9.033228089751968e-05,1.2398044447585551e-05
43,850000000,-0.0007304177674051382,7.556124693984687e-05,1.2402032737039575e-05
43,860000000,0.0008732018438734406,9.033228089808743e-05,1.2403687454446306e-05
43,870000000,-0.0007304177674047294,7.55612469400746e-05,1.2407675743900316e-05
43,880000000,0.0008732018438746752,9.033228089703675e-05,1.2409330461307013e-05
43,890000000,-0.0007304177673988062,7.556124693930902e-05,1.2413318750761017e-05
43,900000000,0.0008732018438777335,9.033228089762001e-05,1.2414973468167826e-05
43,910000000,-0.0007304177674051976,7.556124694109727e-05,1.2418961757621722e-05
43,920000000,0.0008732018438820795,9.033228089818456e-05,1.2420616475028389e-05
43,930000000,-0.0007304177674040739,7.556124694006351e-05,1.2424604764482338e-05
43,940000000,0.0008732018438739822,9.033228089730535e-05,1.2426259481888939e-05
43,950000000,-0.0007304177674030796,7.556124693995713e-05,1.2430247771342707e-05
43,960000000,0.0008732018438789783,9.033228089789494e-05,1.2431902488749294e-05
43,970000000,-0.000730417767404782,7.556124693941842e-05,1.2435890778203258e-05
43,980000000,0.000873201843875553,9.033228089812399e-05,1.2437545495609817e-05
43,990000000,-0.0007304177674055266,7.556124694028867e-05,1.2441533785063644e-05
44,0,0.0008732018438814597,9.033228089715188e-05,1.2443188502470199e-05
44,10000000,-0.000730417767403132,7.556124694104723e-05,1.2447176791924012e-05
44,20000000,0.000873201843877483,9.033228089817666e-05,1.2448831509330549e-05
44,30000000,-0.0007304177674056022,7.556124694049636e-05,1.2452819798784313e-05
44,40000000,0.0008732018438713454,9.033228089802927e-05,1.2454474516190768e-05
44,50000000,-0.0007304177674037232,7.556124694004952e-05,1.2458462805644453e-05
44,60000000,0.0008732018438749374,9.033228089648144e-05,1.2460117523050828e-05
44,70000000,-0.0007304177673990964,7.556124693983288e-05,1.246410581250458e-05
44,80000000,0.0008732018438713217,9.033228089698678e-05,1.2465760529911022e-05
44,90000000,-0.0007304177674069756,7.556124694051963e-05,1.2469748819364685e-05
44,100000000,0.0008732018438720854,9.033228089679094e-05,1.2471403536771007e-05
44,110000000,-0.0007304177674007004,7.556124693965297e-05,1.2475391826224629e-05
44,120000000,0.0008732018438737827,9.033228089701611e-05,1.2477046543631e-05
44,130000000,-0.0007304177674010439,7.556124693949185e-05,1.24810348330845e-05
44,140000000,0.0008732018438814002,9.033228089791693e-05,1.2482689550490975e-05
44,150000000,-0.0007304177674017836,7.556124693914397e-05,1.2486677839944605e-05
44,160000000,0.0008732018438781699,9.033228089761073e-05,1.2488332557350948e-05
44,170000000,-0.000730417767406971,7.556124693915625e-05,1.2492320846804567e-05
44,180000000,0.0008732018438776637,9.033228089796883e-05,1.249397556421079e-05
44,190000000,-0.00017683994752730142,-2.305956912608039e-05,1.2496658992196346e-05
44,200000000,0.0008732018438751821,9.033228089803071e-05,1.2499618571070666e-05
44,210000000,-0.00017683994753064428,-2.305956912721223e-05,1.2502301999056068e-05
44,221000000,0.00028802459559548293,-3.160592804117601e-05,1.2507413124149633e-05
44,231000000,-0.00017683994752691078,-2.3059569126135688e-05,1.2507945005915762e-05
44,241000000,0.000288024595594106,-3.1605928041817595e-05,1.2513056131009436e-05
44,251000000,-0.00017683994753056319,-2.3059569127448298e-05,1.2513588012775477e-05
44,261000000,0.00028802459559427204,-3.160592804152969e-05,1.2518699137869088e-05
44,272000000,0.0008732018438731068,9.033228089730355e-05,1.2519933395765566e-05
44,282000000,-0.0007304177674044598,7.556124693972978e-05,1.2523921685218954e-05
44,292000000,0.000288024595596843,-3.1605928043096804e-05,1.2527727948844311e-05
44,302000000,-0.0007304177673944037,7.556124693816748e-05,1.2529564692078526e-05
44,312000000,0.0008732018438748287,9.033228089728016e-05,1.2531219409484698e-05
44,322000000,-0.0007304177674017082,7.55612469391294e-05,1.2535207698937982e-05
44,332000000,0.0008732018438773198,9.03322808974119e-05,1.2536862416344064e-05
44,342000000,-0.0007304177674119258,7.556124693939407e-05,1.254085070579732e-05
44,352000000,0.0008732018438796581,9.033228089736787e-05,1.2542505423203154e-05
44,362000000,-0.0007304177674086343,7.556124694025124e-05,1.254649371265643e-05
44,372000000,0.0008732018438730388,9.033228089709964e-05,1.2548148430062284e-05
44,382000000,-0.000730417767405593,7.556124694068303e-05,1.2552136719515491e-05
44,392000000,0.0008732018438749293,9.033228089675452e-05,1.255379143692143e-05
44,402000000,-0.0007304177673983088,7.556124693826431e-05,1.2557779726374738e-05
44,412000000,0.00028802459559512065,-3.1605928042049255e-05,1.2561585990000056e-05
44,422000000,-0.0007304177674060243,7.556124693979894e-05,1.2563422733234053e-05
44,432000000,0.0008732018438757476,9.033228089707371e-05,1.2565077450639912e-05
44,442000000,-0.0007304177673998029,7.55612469385988e-05,1.2569065740093095e-05
44,452000000,0.0008732018438722007,9.033228089764258e-05,1.2570720457499015e-05
44,462000000,-0.0007304177674032666,7.55612469409082e-05,1.2574708746952108e-05
44,472000000,0.00087320184387874,9.033228089740684e-05,1.2576363464357911e-05
44,482000000,-0.0007304177674023785,7.556124693902877e-05,1.2580351753811054e-05
44,492000000,0.0008732018438772916,9.033228089720615e-05,1.2582006471216926e-05
44,502000000,-0.0007304177673990312,7.556124693854182e-05,1.2585994760670006e-05
44,512000000,0.0008732018438802786,9.033228089858578e-05,1.2587649478075896e-05
44,522000000,-0.0007304177674031722,7.556124693969568e-05,1.2591637767528972e-05
44,532000000,0.0008732018438752275,9.033228089623551e-05,1.2593292484934692e-05
44,542000000,-0.0007304177673995497,7.556124693916493e-05,1.2597280774387796e-05
44,552000000,0.0008732018438758589,9.033228089727902e-05,1.2598935491793499e-05
44,562000000,-0.0007304177673985137,7.556124693977623e-05,1.2602923781246538e-05
44,572000000,0.0008732018438847538,9.033228089948503e-05,1.26045784986524e-05
44,582000000,-0.0007304177674073079,7.556124694041155e-05,1.2608566788105358e-05
44,593000000,0.00028802459559033503,-3.1605928041965805e-05,1.2612373051730224e-05
44,603000000,-0.0001768399475299277,-2.305956912758328e-05,1.2612904933495704e-05
44,613000000,0.0002880245955893086,-3.1605928040819695e-05,1.2618016058588697e-05
44,623000000,-0.0001768399475251541,-2.305956912628625e-05,1.2618547940354158e-05
44,633000000,0.0002880245955916289,-3.1605928040640355e-05,1.262365906544722e-05
44,643000000,-0.0001768399475240406,-2.30595691251083e-05,1.2624190947212794e-05
44,653000000,0.00028802459559460603,-3.160592804136601e-05,1.262930207230584e-05
44,663000000,-0.00017683994752744169,-2.30595691260378e-05,1.2629833954071445e-05
44,673000000,0.0002880245955911471,-3.160592803997078e-05,1.26349450791644e-05
44,683000000,-0.0001768399475301782,-2.305956912553335e-05,1.2635476960929789e-05
44,693000000,0.000288024595597308,-3.160592804338152e-05,1.2640588086022697e-05
44,703000000,-0.00017683994753078585,-2.3059569126854487e-05,1.2641119967788248e-05
44,713000000,0.00028802459559670954,-3.160592804182919e-05,1.264623109288115e-05
44,723000000,-0.00017683994752614335,-2.305956912696125e-05,1.264676297464662e-05
44,733000000,-0.0007304177674032404,7.55612469398789e-05,1.2651453640229777e-05
44,743000000,-0.00017683994752697017,-2.3059569126355873e-05,1.2652405981504814e-05
44,753000000,0.0002880245955931943,-3.160592804206775e-05,1.2657517106597667e-05
44,763000000,-0.00017683994752744773,-2.30595691274074e-05,1.2658048988363065e-05
44,773000000,0.000288024595593782,-3.160592804279587e-05,1.2663160113455813e-05
44,783000000,-0.0001768399475303843,-2.3059569126187855e-05,1.2663691995221176e-05
44,793000000,0.00028802459559028554,-3.160592804164879e-05,1.2668803120313888e-05
44,803000000,0.0008732018438735466,9.033228089805127e-05,1.2670037378209556e-05
44,813000000,0.0002880245955873197,-3.160592804012934e-05,1.2674446127171805e-05
44,824000000,0.0008732018438788362,9.033228089890174e-05,1.2675680385067425e-05
44,834000000,-0.0007304177674001882,7.556124693819068e-05,1.2679668674520145e-05
44,844000000,0.0008732018438773576,9.03322808967612e-05,1.2681323391925453e-05
44,854000000,-0.0007304177674050948,7.556124694072646e-05,1.2685311681377942e-05
44,864000000,0.0002880245955894235,-3.160592804112204e-05,1.26891179450023e-05
44,874000000,-0.0007304177674026371,7.556124693930337e-05,1.2690954688235688e-05
44,884000000,0.0008732018438824704,9.033228089913676e-05,1.2692609405640993e-05
44,894000000,-0.0007304177674000607,7.556124693945214e-05,1.2696597695093595e-05
44,904000000,0.0008732018438808781,9.033228089794899e-05,1.2698252412498893e-05
44,914000000,-0.0007304177674011106,7.556124693958468e-05,1.2702240701951419e-05
44,924000000,0.0008732018438703306,9.033228089667327e-05,1.2703895419356564e-05
44,934000000,-0.00017683994752624885,-2.305956912562991e-05,1.2706578847340579e-05
44,944000000,0.000873201843882507,9.033228089874616e-05,1.2709538426214126e-05
44,954000000,-0.000730417767406582,7.556124694039254e-05,1.2713526715666666e-05
44,964000000,0.0008732018438761028,9.033228089734431e-05,1.2715181433071728e-05
44,974000000,-0.0007304177674027194,7.556124694001419e-05,1.2719169722524127e-05
44,984000000,0.0008732018438791586,9.033228089688946e-05,1.2720824439929264e-05
44,994000000,-0.0007304177674041932,7.55612469400527e-05,1.272481272938165e-05
45,4000000,0.0008732018438736682,9.033228089734233e-05,1.2726467446786858e-05
45,14000000,-0.0007304177674064504,7.556124693949819e-05,1.2730455736239154e-05
45,24000000,0.0008732018438738765,9.033228089659525e-05,1.2732110453644123e-05
45,34000000,-0.0007304177674018493,7.556124693973661e-05,1.2736098743096398e-05
45,44000000,0.00028802459559217725,-3.160592804068395e-05,1.273990500672046e-05
45,54000000,-0.0007304177674058796,7.556124693968889e-05,1.2741741749953621e-05
45,64000000,0.0008732018438729935,9.033228089682583e-05,1.2743396467358579e-05
45,74000000,-0.0007304177673979578,7.55612469395837e-05,1.2747384756810735e-05
45,84000000,0.000873201843875473,9.033228089689583e-05,1.2749039474215767e-05
45,94000000,-0.0007304177673970047,7.556124693936193e-05,1.275302776366806e-05
45,104000000,0.000873201843880314,9.033228089882054e-05,1.2754682481073092e-05
45,114000000,-0.0007304177673966911,7.556124693949736e-05,1.2758670770525223e-05
45,124000000,0.0008732018438782883,9.033228089684802e-05,1.2760325487930257e-05
45,134000000,-0.0007304177674017062,7.556124693979144e-05,1.2764313777382497e-05
45,144000000,0.000873201843874343,9.033228089754394e-05,1.2765968494787424e-05
45,154000000,-0.000730417767405445,7.556124694011857e-05,1.276995678423953e-05
45,164000000,0.0008732018438755317,9.033228089736794e-05,1.2771611501644297e-05
45,174000000,-0.0007304177674075625,7.556124694021568e-05,1.2775599791096527e-05
45,184000000,0.0008732018438750447,9.03322808979256e-05,1.2777254508501222e-05
45,194000000,-0.0007304177674054576,7.556124694007229e-05,1.2781242797953279e-05
45,204000000,0.000873201843882553,9.033228089822928e-05,1.278289751535801e-05
45,214000000,-0.0007304177674000976,7.556124694066837e-05,1.2786885804810086e-05
45,224000000,0.0008732018438789097,9.033228089696266e-05,1.278854052221483e-05
45,234000000,-0.0007304177674048032,7.556124693943584e-05,1.2792528811666806e-05
45,244000000,0.0002880245955919133,-3.160592804056134e-05,1.2796335075290542e-05
45,254000000,-0.0007304177674048732,7.556124694000045e-05,1.2798171818523454e-05
45,264000000,0.0008732018438757736,9.033228089797319e-05,1.2799826535928171e-05
45,274000000,-0.0007304177674051463,7.556124694013344e-05,1.280381482538011e-05
45,284000000,0.0008732018438747252,9.033228089711594e-05,1.2805469542784745e-05
45,294000000,-0.0007304177673985734,7.556124693937084e-05,1.280945783223659e-05
45,304000000,0.000873201843878111,9.03322808974192e-05,1.2811112549641287e-05
45,314000000,-0.0007304177674028883,7.556124694005867e-05,1.2815100839093201e-05
45,324000000,0.0008732018438848445,9.033228089810798e-05,1.2816755556497805e-05
45,334000000,-0.0001768399475306935,-2.3059569127529762e-05,1.2819438984481384e-05
45,344000000,0.0008732018438737542,9.033228089700966e-05,1.282239856335435e-05
45,354000000,-0.0007304177674045859,7.556124694037606e-05,1.2826386852806119e-05
45,364000000,0.0008732018438814337,9.033228089821665e-05,1.2828041570210646e-05
45,374000000,-0.0007304177674025201,7.556124693983971e-05,1.283202985966253e-05
45,384000000,0.0008732018438780865,9.033228089706654e-05,1.2833684577067015e-05
45,394000000,-0.0007304177674008565,7.556124694011409e-05,1.283767286651884e-05
45,404000000,0.0008732018438783515,9.033228089782925e-05,1.2839327583923395e-05
45,414000000,-0.0007304177674056604,7.556124693996556e-05,1.284331587337514e-05
45,424000000,0.0008732018438812541,9.033228089779832e-05,1.2844970590779613e-05
45,434000000,-0.0007304177674049242,7.556124693940914e-05,1.284895888023138e-05
45,444000000,0.0008732018438756043,9.033228089812106e-05,1.2850613597635793e-05
45,454000000,-0.0007304177674054647,7.556124694028348e-05,1.2854601887087453e-05
45,464000000,0.0008732018438727095,9.033228089704543e-05,1.2856256604491884e-05
45,474000000,-0.0007304177674035516,7.556124694007369e-05,1.2860244893943446e-05
45,484000000,0.000873201843877306,9.033228089805681e-05,1.286189961134787e-05
45,494000000,-0.0007304177674039532,7.556124693976217e-05,1.286588790079948e-05
45,504000000,0.000873201843878371,9.033228089717412e-05,1.2867542618203822e-05
45,514000000,-0.0007304177674025211,7.556124693980749e-05,1.2871530907655442e-05
45,524000000,0.0008732018438737727,9.033228089739424e-05,1.2873185625059738e-05
45,534000000,-0.0007304177674046483,7.55612469401963e-05,1.2877173914511206e-05
45,544000000,0.0008732018438755673,9.033228089810979e-05,1.2878828631915482e-05
45,554000000,-0.0007304177674052933,7.556124694026745e-05,1.2882816921366999e-05
45,564000000,0.0008732018438756483,9.033228089753254e-05,1.288447163877119e-05
45,574000000,-0.0007304177673997784,7.556124693969706e-05,1.2888459928222671e-05
45,584000000,0.00028802459559392396,-3.160592804184069e-05,1.2892266191845856e-05
45,594000000,-0.0007304177674059861,7.556124693995877e-05,1.2894102935078454e-05
45,604000000,0.0008732018438791418,9.033228089830908e-05,1.2895757652482571e-05
45,614000000,-0.0007304177674039188,7.556124693927798e-05,1.2899745941934005e-05
45,624000000,0.0008732018438802581,9.033228089836176e-05,1.2901400659338266e-05
45,634000000,-0.0007304177674096611,7.556124694120466e-05,1.290538894878961e-05
45,644000000,0.0008732018438787563,9.033228089740966e-05,1.2907043666193725e-05
45,654000000,-0.0007304177673981096,7.556124693908848e-05,1.2911031955645184e-05
45,664000000,0.0008732018438809276,9.033228089782544e-05,1.2912686673049328e-05
45,674000000,-0.0007304177674034148,7.556124693918654e-05,1.2916674962500758e-05
45,684000000,0.0002880245955906527,-3.160592804160827e-05,1.2920481226123686e-05
45,694000000,-0.0007304177674031493,7.556124693942132e-05,1.2922317969356123e-05
45,704000000,0.0008732018438770629,9.033228089771697e-05,1.292397268676018e-05
45,714000000,-0.0007304177674041873,7.556124694069531e-05,1.29279609762115e-05
45,724000000,0.0008732018438787663,9.033228089715699e-05,1.2929615693615465e-05
45,734000000,-0.0007304177674003802,7.556124693968511e-05,1.2933603983066763e-05
45,744000000,0.0008732018438739735,9.033228089733507e-05,1.2935258700470675e-05
45,754000000,-0.0007304177674025701,7.556124694010781e-05,1.2939246989921848e-05
45,764000000,0.0008732018438824895,9.033228089832805e-05,1.2940901707325774e-05
45,774000000,-0.0007304177673984011,7.556124693872628e-05,1.2944889996777107e-05
45,784000000,0.0008732018438808218,9.033228089839755e-05,1.2946544714181131e-05
45,794000000,-0.0007304177674004296,7.556124693897178e-05,1.2950533003632385e-05
45,804000000,0.0008732018438754716,9.033228089784604e-05,1.2952187721036241e-05
45,814000000,-0.0007304177674059958,7.556124694001938e-05,1.2956176010487387e-05
45,824000000,0.0008732018438695081,9.033228089706016e-05,1.29578307278912e-05
45,834000000,-0.0007304177674046023,7.55612469388219e-05,1.2961819017342289e-05
45,844000000,0.0008732018438766649,9.033228089721753e-05,1.2963473734746152e-05
45,854000000,-0.0007304177674092909,7.556124694042466e-05,1.2967462024197158e-05
45,864000000,0.0008732018438760766,9.033228089812966e-05,1.2969116741600894e-05
45,874000000,-0.0007304177674048325,7.556124694033419e-05,1.297310503105194e-05
45,884000000,0.000873201843875054,9.033228089732138e-05,1.2974759748455703e-05
45,894000000,-0.000730417767400079,7.556124693980711e-05,1.297874803790669e-05
45,904000000,0.0008732018438791035,9.033228089764588e-05,1.2980402755310567e-05
45,914000000,-0.0007304177674008803,7.556124693884267e-05,1.2984391044761594e-05
45,924000000,0.0008732018438807526,9.033228089793383e-05,1.2986045762165327e-05
45,934000000,-0.0007304177674031838,7.556124693860471e-05,1.2990034051616384e-05
45,944000000,0.0008732018438771466,9.03322808977839e-05,1.2991688769020027e-05
45,954000000,-0.0007304177674033048,7.556124693935044e-05,1.299567705847095e-05
45,964000000,0.0008732018438782719,9.033228089666732e-05,1.2997331775874568e-05
45,974000000,-0.000730417767402622,7.556124694021287e-05,1.3001320065325488e-05
45,984000000,0.0008732018438712367,9.03322808978591e-05,1.3002974782729102e-05
45,994000000,-0.00073041776740457,7.556124693953526e-05,1.3006963072179877e-05
46,4000000,0.0008732018438847,9.033228089830587e-05,1.3008617789583457e-05
46,14000000,-0.0007304177674009085,7.556124694039339e-05,1.3012606079034387e-05
46,24000000,0.0008732018438806202,9.033228089828806e-05,1.3014260796438042e-05
46,34000000,-0.0007304177674009771,7.556124693955232e-05,1.3018249085888927e-05
46,44000000,0.0008732018438780282,9.03322808976378e-05,1.3019903803292483e-05
46,54000000,-0.0007304177674028632,7.556124693855202e-05,1.3023892092743327e-05
46,64000000,0.0008732018438739216,9.033228089739218e-05,1.3025546810146807e-05
46,74000000,-0.0007304177674019539,7.556124694014223e-05,1.3029535099597536e-05
46,84000000,0.0008732018438758686,9.033228089782123e-05,1.3031189817001014e-05
46,94000000,-0.00017683994753179796,-2.3059569126368314e-05,1.3033873244983126e-05
46,104000000,0.0008732018438748617,9.033228089700612e-05,1.303683282385511e-05
46,114000000,-0.0007304177674060918,7.556124694005833e-05,1.3040821113305839e-05
46,124000000,0.0008732018438812607,9.033228089904114e-05,1.3042475830709258e-05
46,134000000,-0.0007304177674072144,7.556124693909702e-05,1.3046464120160003e-05
46,145000000,0.00028802459559366353,-3.1605928042578535e-05,1.3050270383782049e-05
46,156000000,0.0008732018438771137,9.033228089776864e-05,1.305150464167582e-05
46,166000000,-0.0007304177674032037,7.556124693970063e-05,1.305549293112647e-05
46,176000000,0.0008732018438699792,9.03322808962699e-05,1.30571476485298e-05
46,186000000,-0.0007304177674034056,7.556124693917332e-05,1.3061135937980442e-05
46,196000000,0.0008732018438697935,9.033228089770175e-05,1.3062790655383787e-05
46,206000000,-0.0007304177674062851,7.556124694021133e-05,1.3066778944834383e-05
46,216000000,0.000873201843878021,9.033228089771293e-05,1.3068433662237689e-05
46,226000000,-0.0007304177674058782,7.556124693984668e-05,1.3072421951688238e-05
46,236000000,0.0008732018438792414,9.033228089819796e-05,1.3074076669091425e-05
46,246000000,-0.000730417767399115,7.556124693969693e-05,1.3078064958541895e-05
46,256000000,0.0008732018438845135,9.03322808994669e-05,1.3079719675945295e-05
46,266000000,-0.0007304177674087398,7.556124693954561e-05,1.3083707965395778e-05
46,276000000,0.0008732018438751133,9.033228089754302e-05,1.3085362682798859e-05
46,286000000,-0.0007304177673964526,7.556124693937908e-05,1.3089350972249284e-05
46,296000000,0.000873201843872208,9.03322808981372e-05,1.3091005689652626e-05
46,306000000,-0.0007304177674002628,7.556124693982913e-05,1.3094993979102992e-05
46,316000000,0.0008732018438745553,9.033228089683081e-05,1.3096648696506133e-05
46,326000000,-0.0007304177674011637,7.556124694010843e-05,1.310063698595656e-05
46,336000000,0.0008732018438750433,9.033228089836642e-05,1.3102291703359683e-05
46,346000000,-0.000730417767404835,7.556124693952108e-05,1.3106279992809997e-05
46,356000000,0.0008732018438714378,9.033228089729112e-05,1.3107934710213038e-05
46,366000000,-0.0007304177674073769,7.556124694044356e-05,1.3111922999663323e-05
46,376000000,0.0008732018438769453,9.033228089763893e-05,1.311357771706637e-05
46,386000000,-0.0007304177673990992,7.556124693833861e-05,1.3117566006516655e-05
46,396000000,0.0008732018438847825,9.033228089774139e-05,1.311922072391982e-05
46,406000000,-0.0007304177674011869,7.556124693846664e-05,1.312320901337021e-05
46,416000000,0.000873201843881834,9.033228089810975e-05,1.3124863730773234e-05
46,426000000,-0.0007304177674065588,7.556124694046911e-05,1.3128852020223595e-05
46,436000000,0.0008732018438736767,9.033228089767958e-05,1.313050673762651e-05
46,446000000,-0.0007304177674003999,7.556124693913489e-05,1.3134495027076629e-05
46,456000000,0.0008732018438770177,9.033228089774432e-05,1.3136149744479606e-05
46,466000000,-0.0007304177674033434,7.556124694006851e-05,1.3140138033929767e-05
46,476000000,0.0008732018438736865,9.033228089806265e-05,1.3141792751332712e-05
46,486000000,-0.0007304177674095076,7.556124694022549e-05,1.3145781040782797e-05
46,496000000,0.0008732018438791409,9.033228089845811e-05,1.3147435758185632e-05
46,506000000,-0.0007304177674016428,7.556124694057811e-05,1.3151424047635769e-05
46,516000000,0.0008732018438787686,9.033228089691623e-05,1.3153078765038658e-05
46,526000000,-0.0007304177673994917,7.556124693917256e-05,1.315706705448877e-05
46,536000000,0.0008732018438769569,9.033228089710479e-05,1.3158721771891656e-05
46,546000000,-0.0007304177674053784,7.5561246940338e-05,1.3162710061341702e-05
46,556000000,0.0008732018438755765,9.03322808976016e-05,1.316436477874444e-05
46,566000000,-0.0007304177673998425,7.556124693976718e-05,1.3168353068194455e-05
46,576000000,0.0008732018438780708,9.033228089788864e-05,1.3170007785597302e-05
46,586000000,-0.0007304177674060653,7.556124694003136e-05,1.3173996075047316e-05
46,596000000,0.0008732018438790536,9.033228089837966e-05,1.3175650792449975e-05
46,606000000,-0.0007304177674015072,7.556124693870145e-05,1.3179639081900029e-05
46,616000000,0.0008732018438775327,9.033228089797865e-05,1.3181293799302711e-05
46,626000000,-0.0007304177674086498,7.55612469403416e-05,1.3185282088752678e-05
46,636000000,0.0008732018438818843,9.033228089878178e-05,1.3186936806155321e-05
46,646000000,-0.0007304177674005806,7.556124693996738e-05,1.3190925095605342e-05
46,656000000,0.000873201843874549,9.033228089761947e-05,1.3192579813008019e-05
46,666000000,-0.0007304177674054255,7.556124694045261e-05,1.3196568102457867e-05
46,676000000,0.0008732018438779034,9.033228089876252e-05,1.3198222819860532e-05
46,686000000,-0.0007304177674069113,7.556124693904273e-05,1.3202211109310441e-05
46,696000000,0.0008732018438824834,9.033228089849564e-05,1.3203865826712952e-05
46,706000000,-0.0007304177674003813,7.556124693909232e-05,1.3207854116162907e-05
46,716000000,0.0008732018438820672,9.033228089730489e-05,1.320950883356548e-05
46,726000000,-0.0007304177674066552,7.556124694054432e-05,1.3213497123015256e-05
46,736000000,0.0008732018438735474,9.033228089627773e-05,1.3215151840417707e-05
46,746000000,-0.0007304177674069247,7.556124693970454e-05,1.3219140129867438e-05
46,756000000,0.0008732018438767069,9.033228089808738e-05,1.3220794847269892e-05
46,766000000,-0.0007304177673997229,7.556124693912554e-05,1.3224783136719608e-05
46,776000000,0.000873201843877153,9.033228089763954e-05,1.3226437854122117e-05
46,786000000,-0.0007304177674037145,7.556124693938924e-05,1.3230426143571828e-05
46,796000000,0.0008732018438754915,9.033228089681578e-05,1.3232080860974266e-05
46,806000000,-0.0007304177673981574,7.556124693915678e-05,1.323606915042409e-05
46,816000000,0.0008732018438799247,9.033228089865197e-05,1.3237723867826605e-05
46,826000000,-0.0007304177674006529,7.556124693858563e-05,1.3241712157276312e-05
46,837000000,-0.0007304177674070338,7.556124694011779e-05,1.3245097961387608e-05
46,847000000,-0.00017683994752806456,-2.3059569125192395e-05,1.3246050302659536e-05
46,857000000,0.0002880245955913032,-3.1605928041431165e-05,1.3251161427749153e-05
46,867000000,-0.00017683994752674406,-2.3059569126696956e-05,1.325169330951137e-05
46,877000000,0.00028802459559421886,-3.1605928041717984e-05,1.3256804434601186e-05
46,887000000,-0.0001768399475305925,-2.3059569127347694e-05,1.3257336316363375e-05
46,897000000,0.00028802459559421924,-3.160592804142795e-05,1.3262447441453078e-05
46,907000000,-0.0001768399475305019,-2.3059569127982664e-05,1.3262979323215268e-05
46,917000000,0.00028802459558785053,-3.160592804005996e-05,1.3268090448304868e-05
46,927000000,-0.00017683994752751463,-2.3059569126480193e-05,1.3268622330066943e-05
46,937000000,0.0002880245955943816,-3.160592804179068e-05,1.3273733455156552e-05
46,947000000,-0.00017683994752776594,-2.3059569126412776e-05,1.3274265336918719e-05
46,957000000,0.0002880245955902422,-3.1605928040318394e-05,1.327937646200831e-05
46,967000000,-0.0001768399475303197,-2.305956912722318e-05,1.3279908343770368e-05
46,977000000,0.0002880245955943004,-3.16059280427258e-05,1.3285019468859846e-05
46,987000000,-0.00017683994752771087,-2.3059569126134275e-05,1.3285551350622016e-05
46,997000000,0.0002880245955884416,-3.160592803935193e-05,1.3290662475711485e-05
47,7000000,-0.00017683994752893116,-2.305956912624379e-05,1.3291194357473436e-05
47,17000000,0.00028802459559605236,-3.160592804189016e-05,1.3296305482563004e-05
47,27000000,-0.00017683994753020263,-2.3059569126990585e-05,1.3296837364324977e-05
47,37000000,0.00028802459559540276,-3.1605928041900516e-05,1.3301948489414397e-05
47,47000000,-0.00017683994752515112,-2.305956912695378e-05,1.3302480371176369e-05
47,57000000,0.000288024595591707,-3.1605928042103756e-05,1.3307591496265838e-05
47,67000000,-0.00017683994752947917,-2.3059569127480726e-05,1.3308123378027765e-05
47,77000000,0.0002880245955907648,-3.160592804137072e-05,1.3313234503117187e-05
47,87000000,-0.00017683994753049756,-2.3059569126998076e-05,1.3313766384879059e-05
47,97000000,0.00028802459559689836,-3.1605928042748626e-05,1.3318877509968384e-05
47,107000000,-0.00017683994752914047,-2.3059569125567007e-05,1.3319409391730339e-05
47,117000000,0.00028802459559701524,-3.160592804226059e-05,1.3324520516819711e-05
47,127000000,0.0008732018438807201,9.033228089811662e-05,1.3325754774712088e-05
47,137000000,-0.0007304177673999162,7.556124693827093e-05,1.332974306416142e-05
47,147000000,-0.00017683994752713732,-2.305956912568119e-05,1.3330695405432926e-05
47,157000000,0.0002880245955910612,-3.160592804042331e-05,1.3335806530522197e-05
47,167000000,-0.00017683994752849399,-2.305956912607391e-05,1.3336338412283841e-05
47,177000000,0.0002880245955934256,-3.160592804119707e-05,1.334144953737318e-05
47,187000000,-0.00017683994752504923,-2.3059569125387463e-05,1.334198141913498e-05
47,197000000,0.00028802459559135483,-3.1605928041101425e-05,1.3347092544224204e-05
47,207000000,-0.00017683994753035656,-2.305956912640898e-05,1.3347624425985954e-05
47,217000000,0.0002880245955930722,-3.160592804139391e-05,1.3352735551075084e-05
47,227000000,-0.0001768399475272165,-2.305956912602088e-05,1.3353267432836827e-05
47,237000000,0.0002880245955921133,-3.1605928040877605e-05,1.3358378557925976e-05
47,247000000,-0.00017683994752940501,-2.305956912731557e-05,1.335891043968763e-05
47,257000000,0.0002880245955903167,-3.160592804121409e-05,1.3364021564776782e-05
47,267000000,-0.00017683994752942017,-2.305956912693218e-05,1.3364553446538377e-05
47,277000000,0.00028802459558953614,-3.1605928040800884e-05,1.336966457162733e-05
47,287000000,-0.00017683994753256872,-2.305956912767686e-05,1.3370196453388898e-05
47,297000000,0.00028802459559159943,-3.1605928040053164e-05,1.3375307578477934e-05
47,307000000,-0.0001768399475248538,-2.305956912565877e-05,1.3375839460239533e-05
47,317000000,0.00028802459559603257,-3.1605928041610593e-05,1.338095058532864e-05
47,327000000,-0.0001768399475253645,-2.305956912665377e-05,1.3381482467090304e-05
47,337000000,0.0002880245955941648,-3.160592804050196e-05,1.3386593592179323e-05
47,347000000,-0.000176839947525225,-2.3059569125982768e-05,1.3387125473940893e-05
47,357000000,0.0002880245955937955,-3.1605928041817513e-05,1.3392236599029942e-05
47,367000000,-0.00017683994752476522,-2.3059569126509518e-05,1.3392768480791418e-05
47,377000000,0.00028802459558886935,-3.1605928041402264e-05,1.339787960588047e-05
47,387000000,-0.00017683994752735896,-2.3059569125488667e-05,1.3398411487641922e-05
47,397000000,0.00028802459558865696,-3.160592804066844e-05,1.3403522612730739e-05
47,407000000,-0.00017683994752388144,-2.3059569124576683e-05,1.3404054494492151e-05
47,417000000,0.0002880245955904611,-3.1605928041797076e-05,1.3409165619581095e-05
47,427000000,-0.00017683994752882963,-2.3059569125994044e-05,1.3409697501342535e-05
47,437000000,-0.0007304177674048317,7.556124694037752e-05,1.3414388166921732e-05
47,447000000,-0.0001768399475302915,-2.305956912683681e-05,1.3415340508192753e-05
47,457000000,0.0002880245955935728,-3.1605928039921515e-05,1.3420451633281561e-05
47,467000000,-0.00017683994753215534,-2.3059569126788903e-05,1.3420983515042911e-05
47,477000000,0.00028802459559185785,-3.160592804171999e-05,1.3426094640131718e-05
47,487000000,-0.00017683994752296176,-2.305956912576515e-05,1.3426626521893022e-05
47,497000000,-0.0007304177673990002,7.556124693857494e-05,1.3431317187472223e-05
47,507000000,0.0008732018438784032,9.033228089790153e-05,1.3432971904873618e-05
47,517000000,0.00028802459559099076,-3.160592804042353e-05,1.3437380653831938e-05
47,527000000,-0.00017683994752751463,-2.3059569126658213e-05,1.3437912535593193e-05
47,537000000,0.00028802459559415267,-3.1605928040615384e-05,1.3443023660681899e-05
47,547000000,-0.00017683994753104978,-2.3059569125927843e-05,1.3443555542443126e-05
47,557000000,0.0002880245955885661,-3.16059280410376e-05,1.3448666667531784e-05
47,567000000,-0.0001768399475292881,-2.3059569126689878e-05,1.3449198549292902e-05
47,577000000,0.0002880245955969133,-3.160592804334614e-05,1.3454309674381622e-05
47,587000000,-0.00017683994752454933,-2.3059569125773222e-05,1.3454841556142827e-05
47,597000000,0.0002880245955894512,-3.1605928040627866e-05,1.3459952681231474e-05
47,607000000,-0.00017683994753194088,-2.305956912688775e-05,1.3460484562992585e-05
47,617000000,0.0002880245955967961,-3.1605928043387675e-05,1.3465595688081118e-05
47,627000000,-0.00017683994752753542,-2.305956912537605e-05,1.3466127569842356e-05
47,637000000,0.0002880245955867423,-3.160592803992274e-05,1.347123869493088e-05
47,647000000,-0.00017683994752701974,-2.305956912728203e-05,1.3471770576691826e-05
47,657000000,0.00028802459559145024,-3.160592804038046e-05,1.34768817017804e-05
47,667000000,-0.0001768399475292494,-2.305956912694765e-05,1.3477413583541414e-05
47,677000000,0.00028802459559195656,-3.160592804155759e-05,1.3482524708629885e-05
47,687000000,-0.00017683994752653846,-2.305956912551893e-05,1.3483056590390954e-05
47,697000000,0.0002880245955903198,-3.1605928040690174e-05,1.3488167715479385e-05
47,707000000,-0.000176839947525642,-2.3059569125399474e-05,1.3488699597240401e-05
47,717000000,0.0002880245955889266,-3.160592804085692e-05,1.3493810722328847e-05
47,727000000,-0.00017683994752896542,-2.3059569127570677e-05,1.3494342604089778e-05
47,737000000,0.0002880245955967242,-3.1605928041929925e-05,1.3499453729178204e-05
47,747000000,-0.00017683994752742336,-2.30595691269602e-05,1.3499985610939163e-05
47,757000000,0.0002880245955893737,-3.160592804062915e-05,1.3505096736027556e-05
47,767000000,-0.00017683994752649984,-2.3059569127273172e-05,1.350562861778838e-05
47,777000000,0.00028802459559337215,-3.160592804147636e-05,1.3510739742876807e-05
47,787000000,-0.00017683994752346754,-2.3059569125982738e-05,1.3511271624637624e-05
47,797000000,0.00028802459559365995,-3.16059280409376e-05,1.351638274972611e-05
47,808000000,0.0008732018438800353,9.033228089730906e-05,1.3517617007617385e-05
47,818000000,-0.0007304177673976455,7.556124694020055e-05,1.3521605297065608e-05
47,828000000,0.0008732018438744876,9.033228089618674e-05,1.3523260014466584e-05
47,838000000,-0.0007304177674049942,7.556124693905805e-05,1.3527248303914694e-05
47,848000000,0.0008732018438751993,9.033228089821391e-05,1.3528903021315638e-05
47,858000000,-0.0007304177674063354,7.556124693950055e-05,1.3532891310763775e-05
47,868000000,0.0008732018438759715,9.033228089713508e-05,1.3534546028164645e-05
47,878000000,-0.0007304177674027741,7.556124694028937e-05,1.3538534317612716e-05
47,888000000,0.0008732018438733146,9.03322808975765e-05,1.3540189035013595e-05
47,898000000,-0.0007304177673984419,7.556124693937833e-05,1.3544177324461526e-05
47,908000000,0.0008732018438744629,9.033228089739682e-05,1.3545832041862424e-05
47,918000000,-0.0007304177674048628,7.556124693996158e-05,1.3549820331310446e-05
47,928000000,0.0008732018438746111,9.033228089827067e-05,1.355147504871124e-05
47,938000000,-0.0007304177673987962,7.556124693992316e-05,1.3555463338159125e-05
47,948000000,0.0008732018438780327,9.033228089789234e-05,1.3557118055559971e-05
47,958000000,-0.0007304177674060904,7.556124694003628e-05,1.3561106345007954e-05
47,968000000,0.0008732018438749853,9.033228089810415e-05,1.3562761062408688e-05
47,978000000,-0.0001768399475295283,-2.305956912677217e-05,1.3565444490387346e-05
47,988000000,0.0008732018438851087,9.03322808975858e-05,1.3568404069257339e-05
47,998000000,-0.000730417767406548,7.55612469402004e-05,1.3572392358705445e-05
48,8000000,0.000873201843875031,9.033228089871363e-05,1.3574047076106005e-05
48,18000000,-0.0007304177673964053,7.556124693931061e-05,1.357803536555387e-05
48,28000000,0.0008732018438810768,9.033228089914138e-05,1.3579690082954665e-05
48,38000000,-0.0007304177674038532,7.556124694026677e-05,1.3583678372402482e-05
48,48000000,0.0008732018438781219,9.033228089741312e-05,1.3585333089803087e-05
48,58000000,-0.000730417767401427,7.55612469404627e-05,1.3589321379250887e-05
48,68000000,0.0008732018438815261,9.033228089762396e-05,1.3590976096651526e-05
48,78000000,-0.0007304177674070625,7.556124694009148e-05,1.359496438609933e-05
48,88000000,0.0008732018438775573,9.033228089749949e-05,1.3596619103499798e-05
48,98000000,-0.0007304177673994928,7.556124693957316e-05,1.3600607392947472e-05
48,108000000,0.0008732018438806553,9.033228089837856e-05,1.3602262110348093e-05
48,118000000,-0.000730417767397494,7.556124694004841e-05,1.3606250399795936e-05
48,128000000,0.0008732018438814453,9.033228089736302e-05,1.3607905117196482e-05
48,138000000,-0.0007304177674084523,7.5561246939848e-05,1.3611893406644243e-05
48,148000000,0.0008732018438777601,9.033228089787167e-05,1.3613548124044657e-05
48,158000000,-0.0007304177674030167,7.556124693953921e-05,1.3617536413492353e-05
48,168000000,0.0008732018438684235,9.033228089664483e-05,1.361919113089266e-05
48,178000000,-0.0007304177674033402,7.55612469400973e-05,1.3623179420340284e-05
48,188000000,0.0008732018438817033,9.03322808972104e-05,1.3624834137740685e-05
48,198000000,-0.0007304177674031545,7.556124693869466e-05,1.3628822427188393e-05
48,208000000,0.0008732018438739958,9.033228089738893e-05,1.3630477144588702e-05
48,218000000,-0.0007304177673969627,7.556124693973475e-05,1.363446543403618e-05
48,228000000,0.0008732018438780259,9.033228089813571e-05,1.3636120151436641e-05
48,238000000,-0.0007304177674009686,7.55612469398297e-05,1.3640108440884151e-05
48,248000000,0.0008732018438781633,9.033228089841377e-05,1.364176315828446e-05
48,258000000,-0.0007304177674043016,7.556124693943365e-05,1.3645751447732056e-05
48,268000000,0.0008732018438747695,9.033228089831976e-05,1.3647406165132347e-05
48,278000000,-0.0007304177673979177,7.556124693845913e-05,1.3651394454579838e-05
48,288000000,0.00028802459559098745,-3.1605928041071826e-05,1.3655200718198363e-05
48,298000000,-0.0007304177674039069,7.55612469406041e-05,1.3657037461427738e-05
48,308000000,0.0008732018438804759,9.033228089748159e-05,1.365869217882793e-05
48,318000000,-0.0007304177673999652,7.556124693938167e-05,1.366268046827545e-05
48,328000000,0.0008732018438770979,9.033228089778351e-05,1.3664335185675729e-05
48,338000000,-0.0007304177674019131,7.556124693983718e-05,1.3668323475123136e-05
48,348000000,0.0008732018438751897,9.033228089874078e-05,1.3669978192523222e-05
48,358000000,-0.0007304177674031238,7.556124693998776e-05,1.3673966481970592e-05
48,368000000,0.0008732018438760437,9.033228089859718e-05,1.3675621199370806e-05
48,378000000,-0.0007304177673964504,7.556124693871263e-05,1.3679609488818204e-05
48,388000000,0.0008732018438804975,9.033228089835503e-05,1.368126420621842e-05
48,398000000,-0.0007304177674035662,7.556124694006885e-05,1.3685252495665803e-05
48,408000000,0.0008732018438777612,9.033228089887435e-05,1.3686907213065981e-05
48,418000000,-0.0007304177674050678,7.556124693943452e-05,1.3690895502513249e-05
48,428000000,0.0008732018438730777,9.03322808985215e-05,1.3692550219913328e-05
48,438000000,-0.0007304177673970067,7.55612469391978e-05,1.3696538509360597e-05
48,448000000,0.0008732018438811634,9.033228089851177e-05,1.369819322676071e-05
48,458000000,-0.0007304177673992904,7.556124693902086e-05,1.3702181516208023e-05
48,468000000,0.00028802459559087285,-3.160592804094692e-05,1.3705987779826097e-05
48,478000000,-0.0007304177674049418,7.55612469398694e-05,1.3707824523055242e-05
48,488000000,0.0008732018438747026,9.033228089684066e-05,1.370947924045518e-05
48,498000000,-0.0007304177673980458,7.556124694016751e-05,1.3713467529902402e-05
48,508000000,0.0008732018438737856,9.033228089792108e-05,1.3715122247302387e-05
48,518000000,-0.0007304177674048993,7.556124694025472e-05,1.3719110536749494e-05
48,528000000,0.0008732018438753226,9.033228089860401e-05,1.372076525414942e-05
48,538000000,-0.0007304177674037879,7.556124693927722e-05,1.3724753543596514e-05
48,548000000,0.0008732018438820006,9.03322808975331e-05,1.372640826099647e-05
48,558000000,-0.0007304177674039795,7.55612469399069e-05,1.3730396550443574e-05
48,568000000,0.0008732018438711329,9.0332280896731e-05,1.3732051267843383e-05
48,578000000,-0.0007304177674060402,7.556124694028508e-05,1.3736039557290505e-05
48,588000000,0.0008732018438832279,9.033228089794801e-05,1.3737694274690331e-05
48,598000000,-0.0007304177674026289,7.55612469386475e-05,1.374168256413738e-05
48,608000000,0.0008732018438754225,9.033228089849425e-05,1.3743337281537208e-05
48,618000000,-0.0007304177674055081,7.556124694065513e-05,1.3747325570984184e-05
48,628000000,0.000873201843882177,9.03322808987031e-05,1.374898028838398e-05
48,638000000,-0.0007304177674073093,7.556124693943402e-05,1.3752968577831094e-05
48,648000000,0.0008732018438712869,9.033228089681632e-05,1.375462329523064e-05
48,658000000,-0.0007304177674028323,7.556124693890635e-05,1.3758611584677581e-05
48,668000000,0.0008732018438732192,9.033228089819993e-05,1.3760266302077295e-05
48,678000000,-0.0007304177674017769,7.556124693903697e-05,1.3764254591524251e-05
48,688000000,0.0008732018438777333,9.033228089734271e-05,1.3765909308923959e-05
48,698000000,-0.000730417767408888,7.556124693930602e-05,1.3769897598370876e-05
48,708000000,0.0008732018438785981,9.033228089876507e-05,1.3771552315770423e-05
48,718000000,-0.000730417767410578,7.556124694110667e-05,1.3775540605217196e-05
48,728000000,0.0008732018438771099,9.033228089809525e-05,1.3777195322616717e-05
48,738000000,-0.0007304177674046341,7.556124694073437e-05,1.3781183612063468e-05
48,748000000,0.0008732018438807915,9.033228089778888e-05,1.3782838329463111e-05
48,758000000,-0.0007304177674031764,7.556124693972736e-05,1.3786826618910016e-05
48,768000000,0.0008732018438752619,9.033228089810492e-05,1.3788481336309595e-05
48,778000000,-0.0007304177674056674,7.556124694026647e-05,1.3792469625756344e-05
48,788000000,0.0008732018438814586,9.033228089851619e-05,1.3794124343155916e-05
48,798000000,-0.0007304177673975935,7.556124693920688e-05,1.3798112632602778e-05
48,808000000,0.0008732018438810878,9.033228089799116e-05,1.3799767350002377e-05
48,818000000,-0.0007304177674018159,7.556124693999923e-05,1.3803755639449123e-05
48,828000000,0.0008732018438818625,9.033228089922691e-05,1.3805410356848588e-05
48,838000000,-0.0007304177674073468,7.556124693983958e-05,1.3809398646295337e-05
48,848000000,0.0008732018438832441,9.03322808982062e-05,1.381105336369469e-05
48,858000000,-0.0007304177674029429,7.556124694051829e-05,1.381504165314133e-05
48,868000000,0.0008732018438734434,9.033228089831679e-05,1.3816696370540787e-05
48,878000000,-0.0007304177674023205,7.556124693943166e-05,1.3820684659987402e-05
48,888000000,0.000873201843882497,9.03322808992132e-05,1.382233937738684e-05
48,898000000,-0.0007304177673983873,7.556124693999645e-05,1.3826327666833509e-05
48,908000000,0.000873201843875241,9.033228089729269e-05,1.3827982384232916e-05
48,918000000,-0.0007304177674051325,7.556124693892493e-05,1.3831970673679547e-05
48,928000000,0.0008732018438781771,9.033228089776058e-05,1.38336253910788e-05
48,938000000,-0.0007304177674007594,7.556124693892774e-05,1.383761368052535e-05
48,948000000,0.0008732018438809219,9.033228089802335e-05,1.3839268397924661e-05
48,958000000,-0.0007304177674000995,7.55612469387998e-05,1.3843256687371234e-05
48,969000000,0.0002880245955864447,-3.1605928039368104e-05,1.3847062950988377e-05
48,979000000,-0.00017683994753023936,-2.305956912628617e-05,1.3847594832747462e-05
48,989000000,0.0002880245955955887,-3.160592804337543e-05,1.3852705957834046e-05
48,999000000,-0.00017683994753175142,-2.3059569125421067e-05,1.3853237839593292e-05
49,9000000,0.0002880245955934748,-3.1605928041389484e-05,1.3858348964679797e-05
49,19000000,-0.0001768399475302126,-2.305956912697837e-05,1.3858880846438851e-05
49,29000000,0.0002880245955924637,-3.1605928041476274e-05,1.3863991971525466e-05
49,39000000,-0.00017683994752785352,-2.3059569125221404e-05,1.3864523853284493e-05
49,49000000,0.0002880245955917622,-3.1605928041907685e-05,1.386963497837097e-05
49,59000000,-0.00017683994752629907,-2.3059569125349228e-05,1.3870166860130121e-05
49,69000000,0.000288024595593313,-3.160592804144807e-05,1.387527798521669e-05
49,79000000,-0.00017683994752716023,-2.3059569126951245e-05,1.387580986697561e-05
49,89000000,0.00028802459559205653,-3.1605928041137434e-05,1.3880920992062053e-05
49,99000000,-0.00017683994752957916,-2.3059569127046794e-05,1.388145287382102e-05
49,109000000,0.0002880245955903279,-3.160592804094051e-05,1.388656399890743e-05
49,119000000,-0.000176839947524467,-2.3059569127010487e-05,1.388709588066634e-05
49,129000000,0.00028802459559139793,-3.1605928039715794e-05,1.3892207005752836e-05
49,139000000,-0.00017683994753294458,-2.3059569128648815e-05,1.3892738887511572e-05
49,149000000,0.00028802459559276744,-3.1605928040949196e-05,1.3897850012597802e-05
49,159000000,0.0008732018438738037,9.033228089768187e-05,1.3899084270487153e-05
49,169000000,0.00028802459559086645,-3.160592804136175e-05,1.390349301944297e-05
49,179000000,-0.00017683994753034973,-2.3059569126992242e-05,1.3904024901201794e-05
49,189000000,0.0002880245955876159,-3.1605928039980455e-05,1.3909136026288017e-05
49,199000000,-0.0001768399475276881,-2.3059569126167577e-05,1.3909667908046695e-05
49,209000000,0.0002880245955910596,-3.160592804125456e-05,1.3914779033132988e-05
49,219000000,-0.00017683994753327282,-2.305956912704515e-05,1.3915310914891744e-05
49,229000000,0.0002880245955905411,-3.160592804260136e-05,1.3920422039977776e-05
49,239000000,-0.00017683994752760825,-2.3059569127500333e-05,1.3920953921736555e-05
49,249000000,0.0002880245955903821,-3.16059280412555e-05,1.3926065046822746e-05
49,259000000,-0.0001768399475283162,-2.3059569126923795e-05,1.3926596928581487e-05
49,269000000,0.0002880245955943468,-3.160592804185908e-05,1.3931708053667588e-05
49,279000000,-0.0001768399475292688,-2.3059569126900637e-05,1.3932239935426233e-05
49,289000000,0.000288024595588627,-3.1605928041338676e-05,1.3937351060512214e-05
49,299000000,-0.0001768399475245799,-2.305956912608221e-05,1.3937882942270769e-05
49,309000000,0.000288024595588089,-3.160592804081107e-05,1.394299406735692e-05
49,319000000,-0.0001768399475265813,-2.3059569126002585e-05,1.3943525949115511e-05
49,329000000,0.0002880245955937276,-3.1605928042009593e-05,1.394863707420158e-05
49,339000000,-0.00017683994752739179,-2.305956912705252e-05,1.3949168955960216e-05
49,349000000,0.00028802459559176667,-3.160592804068631e-05,1.3954280081046318e-05
49,359000000,-0.00017683994752959348,-2.305956912732237e-05,1.3954811962804905e-05
49,369000000,0.000288024595590113,-3.160592804121871e-05,1.3959923087890923e-05
49,379000000,-0.00017683994752744488,-2.3059569125467654e-05,1.3960454969649454e-05
49,389000000,0.00028802459558931095,-3.160592804059223e-05,1.3965566094735366e-05
